title,description,url,publishedAt,duration_iso8601,duration_seconds,is_short
20대에 창업도 안 하고 엑싯으로 4억 번 방법. 좋아하는 일 하면서 충분히 가능!,"통장에 4억이 찍혔습니다. 28살, 회사도 없이 '회사 매각 대금'이었습니다. 모두가 취미로 아는 '네이버 카페'를 '데이터 자산'으로 만들어 4억에 엑싯(Exit)한 모든 공식을 공개합니다.

이 영상은 '네이버 카페'가 어떻게 수억 원의 '자산'이 되는지, 그리고 그 가치를 만드는 2가지 핵심 공식 [가치있는 DB + 지속적인 수익률]을 실제 4억 엑싯 사례와 4천, 9천만 원 엑싯 사례로 증명합니다. 돈이 되는 카페의 '주제' 선정 기준까지 모두 확인하세요.


#창업 #네이버카페 #좋아하는일로돈벌기",https://www.youtube.com/watch?v=BlAltRdt8W4,2025-11-13T09:30:10Z,PT12M49S,769,False
남들보다 10배 빠르게 앞서가는 법. 상위 1%가 쓰는 3가지 '반칙' 전략,"""왜 나는 열심히 하는데 성과가 없을까?"" 매일 조급하고 시간을 낭비하는 것 같다면, 이 영상 하나로 끝내세요. 남들보다 10배 '무식하게' 앞서가는 3가지 전략을 전부 공개합니다.

오늘 영상에서는 상위 1%가 시장을 휘어잡기 위해 사용하는 3가지 핵심 전략을 낱낱이 파헤칩니다. 첫째, '불가능'을 '가능'으로 만드는 납득의 기술. 둘째, '정설'을 뒤집어 시장을 장악하는 역발상. 셋째, '과정'이 아닌 '결과'를 팔아 사람을 움직이는 법.

이 3가지만 알아도, 여러분의 시간 낭비는 멈추고 폭발적인 성장이 시작될 겁니다.

#빠르게성공하는법 #성공전략 #자기계발",https://www.youtube.com/watch?v=k88TFoxWNtc,2025-11-11T09:30:25Z,PT12M1S,721,False
열심히 해도 온라인에서 돈 못버는 사람들은 전략을 바꿔야 합니다. ‘땅따먹기 전략’,"매일 열심히 블로그 글 쓰고, 유튜브 영상 만드는데 왜 돈을 못 벌까요? 운, 재능, 노력의 문제가 아닙니다. 바로 '전략'이 없기 때문입니다. 상위 5%는 절대 '하나'에 몰빵하지 않습니다. '땅따먹기'를 할 뿐입니다.

이 땅따먹기 전략을 적용하는 순간 수입이 급증하고 자유로워집니다. 이 방법부터 배워보세요.

#온라인마케팅 #돈버는법 #온라인사업",https://www.youtube.com/watch?v=fot7-cZ8O_E,2025-11-09T09:30:33Z,PT11M18S,678,False
네이버 플레이스 상위노출? 영수증 리뷰 하나로 1달 만에 1위 꽂을 수 있습니다. 지도 순위 상승 껌이지,"아무리 노력해도 플레이스 순위가 62위에서 멈춰있나요? 그건 '리뷰' 때문입니다. 99%의 사장님들이 '리뷰 개수'에만 집착할 때, 상위 1%는 '이 3가지'를 관리합니다. 플레이스 상위노출, 이것 모르면 광고비만 버리는 겁니다.

오늘 영상에서는 100위권 밖이던 플레이스를 단숨에 1위까지 올린 '리뷰'의 3가지 핵심 전략을 전부 공개합니다.


#플레이스상위노출 #네이버플레이스 #플레이스리뷰",https://www.youtube.com/watch?v=0APk6BVg4qw,2025-11-07T09:30:00Z,PT9M53S,593,False
당신 블로그가 '돈'이 안 되는 치명적인 이유 1가지. 블로그 글쓰기 그렇게 하는 거 아니에요,"매일 1일 1포스팅, 열심히 글 쓰는데 왜 돈이 안 벌릴까요? 이번 영상에서는 여러분의 블로그 글이 3초 만에 '뒤로 가기' 당하는 치명적인 이유와 '첫 문단' 하나로 독자를 사로잡는 4가지 '자격 증빙' 전략을 공개합니다. 이 전략만 쓰셔도 블로그 수익이 미친듯이 늘어날 겁니다.

'돈 버는 블로그'는 글쓰기 '기술'이 아니라 '신뢰'의 문제입니다. 독자는 여러분의 글을 보는 첫 3초 안에 '이 사람을 믿을 수 있는가?'를 판단합니다. 이 의심을 깨부수는 4가지 '자격 증빙' 전략(권위, 경험, 데이터, 사회적 증거)을 실제 '망한 글'과 '돈 버는 글' 예시로 비교 분석해 드립니다.

4가지 전략 중 여러분에게 맞는 무기는 무엇일까요? 영상 끝까지 확인하시고, 오늘부터 당장 적용해 보세요.

#블로그수익화 #블로그글쓰기 #블로그로돈버는법",https://www.youtube.com/watch?v=2L18rYNxyh0,2025-11-05T09:30:01Z,PT11M16S,676,False
"지금 온라인에서 월 1억 버는 사람들의 유일한 공통점. '이거' 하나 시작했을 뿐입니다. (블로그, 유튜브 아님)","""내 블로그, 유튜브는 왜 갑자기 조회수가 떨어졌을까?"" 이런 고민 너무 지치지 않으세요? 알고리즘의 노예에서 벗어나 '온라인 건물주'가 되는 유일한 방법을 공개합니다. (월 1억 고수들은 이미 시작했습니다)

온라인으로 꾸준히 돈을 버는 사람들은 'DB 확보'와 '브랜딩' 두 마리 토끼를 잡습니다. 하지만 이건 블로그, 유튜브만으로는 불가능합니다. 이 영상에서 왜 '네이버 카페'가 이 두 가지를 동시에 잡는 유일한 플랫폼인지, 그리고 제가 실제로 월 1억 5천 매출을 만든 2가지 실전 사례를 통해 0원으로 온라인 건물을 짓는 모든 과정을 알려드리겠습니다.

#네이버카페 #온라인수익화 #온라인건물주",https://www.youtube.com/watch?v=C7KHpCHIMgg,2025-11-02T09:30:08Z,PT16M11S,971,False
혼자서 플레이스 대표 키워드 세팅만 잘 해도 상위 노출 그냥 된다 (순위 하락도 대부분 대표 키워드 때문),"대표 키워드를 5개 꽉 채웠는데 왜 순위가 안 오를까요? 오히려 순위가 떨어졌다면, 99% 이 '함정'에 빠진 겁니다. 유입 없는 대표 키워드가 오히려 순위를 하락시키는 '네이버 플레이스 최신 로직'을 지금 바로 확인하세요.

이 영상 하나로 수백만 원짜리 컨설팅의 핵심을 얻어 가세요. 순위가 안 오르는 '진짜' 이유는 대표 키워드의 본질적 역할 (네이버 봇과 '메타태그'), 상위 1%의 키워드 세팅법 (지역+메뉴+장소 조합), 대표 키워드 찾는 6가지 실전 도구 (경쟁사 분석법), 순위를 폭락시키는 '최신 로직'의 함정 (유입 통계 확인)을 모르기 때문입니다. 괜찮습니다. 오늘 제가 전부 알려드리겠습니다.

#플레이스상위노출 #대표키워드 #네이버플레이스",https://www.youtube.com/watch?v=B5iq_d_7cSI,2025-10-31T09:30:06Z,PT13M12S,792,False
블로그 방문자 갑자기 반 토막? 저품질 증상? 지금 당장 '이것'부터 확인하세요 (긴급 진단하는 방법),"어제까지 잘 나오던 블로그 방문자 수가 오늘 갑자기 반토막, 0명이 되었나요? 불안한 마음에 '글 삭제'부터 하셨나요? 1주일이면 살릴 블로그를 1년짜리 저품질 지옥으로 보내는 가장 위험한 행동입니다.

이번 영상에서는 '저품질'인지, '누락'인지, '지수 하락'인지 정확하게 진단하는 '방문자수 복구 프로세스'를 알려드렸습니다. 이번 영상을 통해 잘못된 선택이 아닌, 내 블로그를 빨리 살리는 선택을 하시길 바랍니다.

#블로그방문자수 #블로그저품질 #블로그진단",https://www.youtube.com/watch?v=GFJGXvz9-2I,2025-10-29T09:30:18Z,PT12M23S,743,False
"‘월 1,000만 원 버는 건 사기다’라고 생각했던 내가 4개월 만에 월천 번 비결","월 천만원, 다들 쉽다고 말하지만 현실은 어렵습니다. (전교 21등 수준이죠) 월 5만 원 벌던 제가 4개월 만에 월 1,000을 달성한 '시급 공식', 이 영상 하나로 '진짜 현실'을 전부 공개합니다.

열심히만 일하면 돈을 벌 수 있을까요? 저는 '월 천만 원'이라는 추상적인 목표가 아닌, '시급 4.5만 원'이라는 구체적인 목표를 세웠습니다. 하지만 그마저도 처참하게 실패했습니다. 진짜 비결은 목표 시급을 '2.1만 원'으로 '낮추는' 역발상이었습니다. 당신의 '시급'을 계산하는 순간, 돈 버는 길이 보입니다. 그 방법을 제가 알려드리겠습니다.

#월천만원 #돈버는법 #부자되는법",https://www.youtube.com/watch?v=6Ch0nPfwv-E,2025-10-27T09:30:05Z,PT11M7S,667,False
"네이버 플레이스 상위 노출 방법, 공식적으로 불가합니다…바로 대안 드립니다. 이렇게만 하세요","네이버 플레이스 순위가 갑자기 폭락했나요? '1년 전'에 사용한 트래픽까지 '소급 처벌'하는 네이버의 '전쟁'이 시작되었습니다. '가짜 트래픽' 시대는 공식적으로 끝났습니다. 이 영상을 끝까지 보시면 '나는 괜찮은데?'라는 안일한 생각이 왜 가장 위험한지, 그리고 네이버가 진짜 원하는 '이것'이 무엇인지 정답을 드립니다.

오늘 영상에서는 네이버가 왜 이런 극단적인 조치를 취했는지, 공식 공지에 숨겨진 '진짜 의도'는 무엇인지, 그리고 '가짜 트래픽' 없이 상위 노출을 잡는 4가지 '새로운 정답'을 공개합니다.

#네이버플레이스 #플레이스상위노출 #플레이스마케팅",https://www.youtube.com/watch?v=5qfr2qhk5os,2025-10-25T09:30:02Z,PT14M36S,876,False
월 500만 원 블로거는 ‘이 키워드’만 씁니다. 상위 1%들이 상위 노출보다 중요시 여기는 네이버 블로그 수익화 비밀,"블로그 글은 100개인데 수익은 0원인가요? 월 500만 원 버는 블로거는 '노출'이 아닌 '전환'을 잡습니다. 상위 1%가 절대 알려주지 않는 '돈 버는 키워드'의 정체를 공개합니다.

오늘은 글을 돈으로 바꾸는 '구매 임박 키워드'의 6가지 강력한 유형과 포스팅 방법까지 모두 알려드립니다. (1) 비교 키워드 (A vs B) (2) 문제 해결 키워드 (고통) (3) 효과/효능 키워드 (확신) (4) 구체적 상황 키워드 (맞춤) (5) 단점 키워드 (불안) (6) 후기 키워드 (검증). 이 6가지 유형만 알아도, 당신의 블로그는 '돈이 되는' 블로그로 즉시 바뀝니다.

#블로그수익화 #블로그키워드 #블로그강의",https://www.youtube.com/watch?v=4CjmsVT1sro,2025-10-23T09:30:02Z,PT14M5S,845,False
자동화 수익? 단 2일 만에 완성! 자는 동안 돈 버는 시스템 (버려지는 돈? 0%),"""콘텐츠 진짜 열심히 올렸는데 왜 매출은 그대로일까요?"" 뻔한 '콘텐츠 노가다'로는 절대 만들 수 없는 진짜 자동화 수익 시스템! 단 2일 만에, 잠자는 동안에도 돈이 들어오는 시스템을 구축하는 비밀을 알려드립니다. 이젠 결제 안 하는 고객조차 여러분의 돈줄이 됩니다.

대부분의 사람들은 잠자는 동안 돈을 버는 시스템이 '콘텐츠를 많이 만드는 것'이라고 착각합니다. 하지만 진짜 핵심은 '버려지는 트래픽'을 0%로 만들고, 결제하지 않는 사람까지도 내 사업의 자산으로 연결하는 전략적인 '최종 결정 페이지' 설계에 있습니다. 이 영상에서는 비즈니스 유형별 맞춤형 '최종 결정 페이지'를 설정하고, 24시간 나를 대신해 일하는 '아바타(콘텐츠)'를 만들고, 이 아바타를 효율적으로 '움직이게' 하여 모든 트래픽을 '최종 결정 페이지'로 유입시키는 4단계 프로세스를 실제 성공 사례와 함께 상세히 공개합니다. 이 시스템만 구축하면 여러분의 매출은 기하급수적으로 상승할 것입니다.

#자동화수익 #온라인수익 #돈버는시스템",https://www.youtube.com/watch?v=OP-NfUKFF3A,2025-10-21T09:30:14Z,PT15M26S,926,False
[최신판] 네이버 카페 가장 빠른 수익화 방법｜카페 빨리 키우는 4가지 핵심 전략 (카페 주제),"네이버 카페로 빨리 돈 벌고 싶으세요? 혹은 죽어라 노력해도 카페가 성장하지 않아 고민이신가요? 99%의 사람들이 모르는 '네이버 카페 성공의 단 하나의 핵심 원칙'을 오늘 공개합니다.

여러분이 실패하는 이유는 바로 '카페의 본질'을 간파하지 못했기 때문입니다. 이 영상에서는 네이버 카페가 스스로 성장하는 '4가지 강력한 성장 엔진'을 공개합니다. 단순히 열심히 글만 쓰는 방식으로는 절대 불가능한, 회원들이 자발적으로 콘텐츠를 만들고 카페를 키우는 선순환 구조를 만드는 전략! 지금 바로 확인하고 여러분의 카페를 폭발적으로 성장시키세요.

#네이버카페수익화 #네이버카페키우기 #네이버카페주제",https://www.youtube.com/watch?v=IPAICGS-urA,2025-10-17T09:30:08Z,PT13M17S,797,False
네이버 플레이스 상위 노출? 그거 왜 돈 주고 함? 그냥 냅두면 1위 꽂히던데?,"네이버 플레이스 1페이지, 모두가 바라는 꿈의 자리죠. 하지만 그 목표 때문에 오히려 사장님 가게가 망해가고 있다는 사실을 알고 계신가요? 이 영상은 '상위노출'이라는 저주를 풀어드릴 유일한 해답입니다.

왜 '1등'을 목표로 잡는 순간 네이버 어뷰징으로 찍히고 돈만 날리게 되는지, 그리고 상위노출을 과감히 포기하면 오히려 왜 돈이 벌리고 순위가 올라가는 지에 대해 알려드리겠습니다. 3가지 전략만 기억하세요.

#플레이스상위노출 #네이버플레이스 #자영업마케팅",https://www.youtube.com/watch?v=JP3PEx2j1OY,2025-10-15T09:30:11Z,PT9M44S,584,False
"나만 알고 있는 네이버 홈판의 비밀, 유료 강의는 ‘이걸’ 절대 알려주지 않습니다 (홈피드, 블로그 방문자수, 조회수, 수익)","네이버 홈판, 홈피드 노출 때문에 수십만 원짜리 유료 강의까지 고민하셨나요? 아무리 글을 써도 방문자 수가 늘지 않아 답답하셨다면 이 영상 하나로 모든 고민을 끝내세요. 네이버가 공식적으로 밝힌 알고리즘의 본질과 그것을 역이용하는 3가지 글 기획법을 모두 공개합니다.

블로그의 운명을 바꾸는 것은 단순히 열심히 쓰는 것이 아닌, '전략적으로' 쓰는 것입니다. 이 영상에서는 네이버가 왜 특정 글을 홈판에 올릴 수밖에 없는지, 그 근본적인 이유 3가지를 분석합니다.

#네이버홈판 #홈피드노출 #블로그상위노출",https://www.youtube.com/watch?v=m2OGpyhbocg,2025-10-13T09:30:23Z,PT11M32S,692,False
"네이버는 절대 말해주지 않는 이번 업데이트의 진짜 속내 (블로그 홈피드, 홈판, 추천 알고리즘)","네이버 블로그 업데이트 공지 하나에 또 수십, 수백만 원짜리 강의 결제할 뻔하셨나요? '홈판이 대세다', '추천 알고리즘을 타야 한다'는 말에 불안하셨다면, 이 영상으로 여러분의 시간과 돈을 지켜드리겠습니다.

모두가 네이버가 변했다고 말할 때, 왜 저는 '절대 변하지 않는다'고 확신하는지 그 근거를 공개합니다. '네이버 검색 vs 구글 검색'의 경쟁 구도를 통해 네이버의 진짜 속내를 파헤치고, '도서관 vs 영화관' 비유로 당신이 앞으로 무엇에 집중해야 하는지 명확히 알려드립니다. 이 영상을 끝까지 보시면, 더 이상 뜬소문에 흔들리지 않는 자신만의 블로그 운영 전략을 갖게 될 겁니다.

#네이버홈판 #블로그상위노출 #블로그강의",https://www.youtube.com/watch?v=TRUv61ZS8UM,2025-10-09T09:30:25Z,PT10M55S,655,False
"28살 빚더미로 시작해 월 5천만 원 벌게 해준 사업 아이템｜돈 많이 버는 직업, 돈 버는 방법","28살, 빚더미에서 월 5천만 원을 벌게 해준 '망해도 손해 없는' 사업 아이템을 공개합니다. 모두가 선망하는 의사, 변호사가 아닌, 아무도 거들떠보지 않았던 '이 시장'에 모든 기회가 있었습니다. 창업, 사업을 원한다면 무조건 이걸로 하세요!

오늘 영상이 당신의 인생에 작은 불씨가 되었다면, '구독'과 '좋아요'로 그 마음을 표현해주세요. 여러분의 작은 응원이 더 좋은 콘텐츠를 만드는 데 큰 힘이 됩니다.

#사업아이템 #온라인마케팅 #돈버는방법",https://www.youtube.com/watch?v=Park9uWe-18,2025-10-06T09:30:14Z,PT9M6S,546,False
아직도 '이거' 안 한 사람이 있네? 옆 가게 사장님은 몰래 하던데…5초만 투자해서 플레이스 1위 탈환하세요! (gif 설정법),"아니 지금 아직도 플레이스 순위 상승을 해주는 '이 설정' 안 하셨나요? 이 설정 하나로 플레이스 상위 노출 순위가 완전히 달라집니다. 만약 하고 있다 하더라도 대부분은 효과가 없는 설정으로 하고 계십니다. 제가 정확히 알려드리겠습니다.

플레이스 gif 기획법, 설정법 모든 것을 알려드렸습니다. 그리고 사례까지 전부 이 영상에서 말씀드렸죠. 이번 영상을 통해 꼭 플레이스 마케팅 성공하시길 바랍니다.

#네이버플레이스 #네이버플레이스상위노출 #플레이스gif",https://www.youtube.com/watch?v=wiUohSeUp38,2025-10-03T21:30:10Z,PT9M43S,583,False
인터넷으로 돈 버는 방법? 어렵게 생각하지 마세요. 온라인으로 월 천 이상 버는 사람들은 '이걸'로 법니다,"온라인으로 돈 버는 법, 수백 가지 방법론 속에서 길을 잃으셨나요? 여러분이 월 1000만원 이상 벌지 못하는 이유는 방법을 몰라서가 아니라, 여러분의 돈을 '누가' 주는지 그 본질을 모르기 때문입니다. 이 영상 하나로 모든 고민을 끝내드립니다.

이 영상에서는 온라인으로 돈을 버는 모든 직업을 관통하는 단 하나의 기준, '돈을 누구에게 받느냐'를 통해 3가지 직업 유형으로 명확하게 분류해 드립니다. 첫 번째 유형: '이것' 하나만 제대로 해도 평생 고객을 만듭니다. 두 번째 유형: 월급처럼 안정적이지만 '이것'을 못하면 바로 망합니다. 세 번째 유형: 대부분의 사람들이 착각하는 '이 유형'의 비밀

▶ 영상이 도움이 되셨다면 '구독'과 '좋아요' 부탁드립니다!
▶ 여러분의 생각과 질문을 댓글로 남겨주세요.

#온라인으로돈버는법 #온라인수익화 #월천만원",https://www.youtube.com/watch?v=WUG8zDDidN4,2025-10-02T21:30:07Z,PT14M37S,877,False
"평범한 사람이 블로그 글 10개로 하루 조회수 2만 만든 특별한 비법! ‘이거’ 모르면 돈, 시간 다 버립니다","블로그 조회수 100, 200에서 벗어나지 못하고 계신가요? 조회수를 늘려 블로그 지수를 빨리 높이고 싶으신가요? 그렇다면 잘 찾아오셨습니다. 저는 하루 조회수 1만, 2만을 찍을 수 있는 특별한 비법을 알고 있습니다.

블로그 조회수를 기하급수적으로 늘려 최적화 블로그를 만들고 싶은 분들, 저품질 블로그 탈출하고 싶은 분들은 이번 영상을 주목해주세요. 진짜 미친듯이 조회수가 폭발하는 비법 1가지를 알려드리겠습니다.

#블로그조회수 #블로그조회수늘리기 #블로그마케팅",https://www.youtube.com/watch?v=WnTZKvLrXes,2025-10-01T21:30:14Z,PT10M9S,609,False
당신도 모르게 ‘망하는 카페’를 고르고 있었습니다｜돈과 시간 아끼는 네이버 카페 시작법,"혹시 어떤 네이버 카페로 시작하느냐에 따라 투자되는 시간과 버는 돈이 달라질 수 있다는 거 아시나요? 카페 선택 하나로 6개월 간 0원을 번 회원님도 있고, 2개월 만에 월 1천만 원을 번 회원님도 있습니다. 대체 이분들은 어떤 차이가 있는 걸까요?

그 비밀을 이번 영상에서 전부 알려드리겠습니다. 네이버 카페 시작 전에 꼭 체크해야 할 사항! 네이버 카페 상위 노출을 위해 꼭 체크해야 할 사항! 이 1가지, 꼭 확인 후 카페 마케팅 진행해 주세요.

#네이버카페시작 #네이버카페마케팅 #네이버카페수익",https://www.youtube.com/watch?v=0GJqqn9t33s,2025-09-30T21:30:01Z,PT10M5S,605,False
"1,000억 부자 14명이 공통적으로 말하는 100억 버는 돈 버는 전략?! 누구한테도 말해주지 마세요","1000억 부자 14명이 말하는 100억 버는 전략이 있습니다. 이 방법만 깨닫게 되고 실천하게 되면 부자 되는 법, 돈 많이 버는 방법을 더 이상 찾아보지 않아도 되죠. 차라리 그 시간에 이 전략을 실천하는 게 더 많은 돈을 벌 수 있다는 걸 깨닫게 되실 겁니다.

내가 지금 사업을 하고 있거나 창업을 준비하고 있는 분들, 소상공인이거나 자영업자인 분들은 꼭 이번 영상을 통해 이 전략을 내 돈 벌이에 적용해주세요. 지금 여러분이 버는 돈에 최소 10배 이상은 더 벌게 될 겁니다.

#부자되는법 #돈많이버는방법 #돈많이버는직업",https://www.youtube.com/watch?v=d70tOuRsJ-Y,2025-09-28T21:30:12Z,PT12M57S,777,False
"사장님들 99%가 몰라서 공짜로 못 받는 네이버 플레이스 1,000만 원 지원금?! (새로 오픈한 플레이스들 특히 주목!)","생각보다 많은 분들이 거의 천만 원이나 되는 이 혜택을 제대로 활용하지 못하고 있습니다. 활용했다 하더라도 이 혜택이 끝나는 동시에 효과를 잃어버리고 있죠. 왜 그럴까요? 간단합니다. 몰라서 그렇습니다.

그래서 제가 이번 영상에서 '새로 오픈했어요' 신청하는 방법, 신청시 주의사항, 신청 후 플레이스 상위 노출 유지 방법까지 전부 알려드렸습니다. 이번 영상을 통해 많은 분들이 1,000만 원 플레이스 무료 마케팅 혜택을 받으셨으면 좋겠습니다.

#플레이스상위노출 #플레이스상단노출 #플레이스새로오픈",https://www.youtube.com/watch?v=PE4VenMxd50,2025-09-23T21:30:06Z,PT15M20S,920,False
"돈 버는 마케팅은 따로 있습니다. 마케팅 책, 강의 전부 갖다 버리세요 (매출 10배 올려드림)","장담합니다. 이번 영상 1번, 2번, 3번..보면 볼수록 앞으로 모든 마케팅 책, 강의 안 봐도 되겠다는 생각이 드실 겁니다. 이번 영상에 마케팅의 핵심, 본질이 들어있거든요.

내가 만약 지금 어떤 마케팅을 해야 할지 모른다면, 마케팅을 하고 있는데 매출이 오르고 있지 않다면 본질부터 생각해보셔야 합니다. 그 본질이 바로 여기에 있습니다. 이번 영상을 나의 것으로 꼭 만드세요. 여러분의 10년을 줄일 수 있는 마케팅 원리 그 자체입니다.

#매출올리는법 #마케팅원리 #마케팅강의",https://www.youtube.com/watch?v=fgFvn1W1uGc,2025-09-18T21:30:12Z,PT13M32S,812,False
"7년간 블로그 1,000개 운영하고 깨달은 블로그 글쓰기 치트키! 스킬, 툴, AI? 다 필요 없다","블로그 운영할때 뭐가 제일 힘드세요? 대부분 블로그 키워드 잡는 거, 블로그 제목 짓는 거, 블로그 본문 쓰는 게 힘드실 겁니다. 한마디로 블로그 글쓰기에 대한 어려움이 있으신거죠.

그거? 이제 고민하실 필요 없습니다. 이제 5분이면 되거든요. 이번 영상에서 쉽게 블로그 글쓰기 하는 방법 그리고 이를 통해 블로그 마케팅 쉽게 하는 방법을 알려드렸습니다. 이제 블로그 글쓰기? 쉽게 하세요.

#블로그글쓰기 #블로그강의 #블로그키워드",https://www.youtube.com/watch?v=GyFdgP3MmEw,2025-09-16T21:30:03Z,PT11M26S,686,False
"진짜 블루오션은 여기입니다! 블로그, 스마트 스토어에 지친 분들 주목하세요! ‘이 방법’으로 수익 자동화 가능! (네이버 카페 마케팅)","지금 블로그를 떠나고 있는 사람들, 스마트 스토어를 떠나고 있는 사람들이 새롭게 정착하고 있는 곳이 있습니다. 그곳이 어디냐? 바로 네이버 카페입니다. 네이버 카페는 다른 채널들과 다른 장점들이 있어, 이 장점들을 활용할 수 있는 분이라면 매출 수직 상승이 가능한 채널이죠.

그래서 제가 오늘 네이버 카페의 주요 장점 6가지를 알려드리겠습니다. 만약 이 6가지 모두, 아니 몇 개의 장점이라도 적극 활용이 가능하다면 지금 당장 네이버 카페를 하셔야 합니다. 더 기다리다가는 경쟁자에게 따라잡힙니다.

#네이버카페마케팅 #네이버블로그마케팅 #스마트스토어",https://www.youtube.com/watch?v=LTR-z_bSFVY,2025-09-14T21:30:02Z,PT16M16S,976,False
스마트폰 하나로 부자 되는 시대. 온라인/SNS 콘텐츠 이렇게만 만드세요,"지금은 스마트폰 하나만 잘 활용하더라도 부자가 될 수 있습니다. 부의 추월차선에 올라탈 수 있습니다. 그런데 이 방법을 모르면 뒤처질 수밖에 없는 게 현실이죠. 그래서 이번 영상에서 모든 분들이 이 추월 차선을 탈 수 있게 정확한 프로세스를 알려드렸습니다. 이번 영상을 보고 행동하시는 분들은 온라인계에서 부자가 될 수 밖에 없을 겁니다.

#온라인마케팅 #sns마케팅 #온라인콘텐츠",https://www.youtube.com/watch?v=Ou1Q1GzF_wQ,2025-09-13T09:00:35Z,PT13M30S,810,False
"광고비가 부족한가요? 돈 한 푼 안 쓰고 고객을 찾는 유일한 방법, 0원 마케팅의 비밀 (소상공인, 1인 기업 필수 시청)",광고비가 없다고 광고를 포기하실 건가요? 홍보비가 없다고 홍보를 포기하실 건가요? 그러실 필요 없습니다. 제가 오늘 알려드리는 내용만 잘 배우신다면 0원으로 마케팅이 가능하거든요. 온라인에서 가능한 방법! 돈 없을 때 홍보하기 가장 좋은 방법! 제가 알려드리겠습니다. 여러분은 그냥 따라만 하시면 됩니다.,https://www.youtube.com/watch?v=ktqqruKL_vk,2025-09-11T09:01:11Z,PT15M1S,901,False
네이버 플레이스 상위노출 대격변!? ‘이것’ 모르면 순위가 삭제됩니다 (광고 없이 1페이지 가는 법),"지금 네이버 플레이스가 대격변하고 있습니다. 상위 노출 순위가 바뀌고 있고 뒤에 있던 플레이스들이 갑자기 앞에 노출되기 시작했습니다. 이 대격변의 시기를 먼저 캐치하는 사람이 승자가 됩니다. 이번에 플레이스가 어떻게 변했는지 정확히 말씀드리겠습니다. 플레이스 순위 걱정되는 분들? 꼭 시청해주세요.

#네이버플레이스상위노출 #네이버플레이스 #플레이스순위",https://www.youtube.com/watch?v=ZI7HbVsuoX4,2025-09-08T09:00:53Z,PT9M19S,559,False
"딱 10초만 투자하세요. 지금 수익, 매출 100배 올려드릴게요 (블로그, 카페, 온라인 마케팅 하시는 분들은 필수!)","지금 버는 돈에 만족하시나요? 온라인으로 충분한 돈을 벌고 있다고 생각하시나요? 저는 아니라고 봅니다. 여러분이 더 돈을 벌 수 있는 방법이 있거든요.

오늘 알려드리는 내용은 온라인에서 사업하는 분들, 매출 올리고 싶은 분들이 꼭 알아야 하는 내용입니다. 이거 하나만 적용해도 여러분의 수익은 100배 오른다 자신합니다.

#매출올리는법 #온라인사업 #온라인광고",https://www.youtube.com/watch?v=KlYsex58Zu0,2025-09-05T09:00:26Z,PT14M6S,846,False
"누구에게나 먹히는 돈 버는 원리 1가지. 돈 벌고 싶다면 꼭 기억하세요. 실력이 중요한 게 아닙니다 (온라인 마케팅, 디지털 마케팅)","누구나 돈 벌 수 있는 방법이 있습니다. 지금 가용할 수 있는 돈이 있든 없든지, 지금 시간이 많든 적든지 아무 상관없이 돈을 벌 수 있는 원리가 있죠. 그런데 이 기본적인 원리를 몰라 많은 분들이 돈 벌 기회를 놓칩니다. 그래서 제가 이번 영상에서 제대로 알려드렸습니다. 내가 지금 돈을 벌지 못하고 있다면 이번 영상에서 해답을 찾아보세요.

#돈버는방법 #사업 #돈많이버는방법",https://www.youtube.com/watch?v=sFBUi1uf7Wc,2025-09-03T09:01:20Z,PT11M22S,682,False
"매일 글 쓰고 영상 만들어도 월 500만 원도 못 버는 이유 (유튜브, 블로그에 ‘1줄’만 추가하세요!) | 콘텐츠 마케팅, 온라인 마케팅, 돈 버는 법","매일 블로그 글 쓰고, 영상 만들어도 돈 못 버는 이유는 따로 있습니다. 여러분이 잘못된 콘텐츠를 올려서? 글쓰기를 잘 못해서? 아닙니다. 오늘 알려드릴 1문장을 콘텐츠에 추가하지 않았기 때문입니다.

이 한 문장만 추가해도 내가 버는 돈이 달라집니다. 여러분의 수익, 이 한 문장으로 늘리세요.

#콘텐츠마케팅 #돈버는법 #온라인마케팅",https://www.youtube.com/watch?v=wtyYJPpu5cQ,2025-08-27T09:01:24Z,PT12M16S,736,False
하루 1시간 투자로 평생 돈 버는 ‘자동 수익 시스템’ 구축법 (네이버 카페 자동화의 모든 것),"잠만 자는 것 같은데도 돈이 굴러 들어오는 사람들, 혹시 본 적 있으신가요? 그걸 보면서 부럽지는 않으셨나요? 나는 24시간 일해도 모자른데 그 사람은 4시간만 일해도 나보다 더 버는 것 같거든요.

이거? 여러분도 가능합니다. 이건 시스템으로 만들면 충분히 할 수 있는 방법입니다. 그래서 이번 영상에서 제가 '오토 수익 시스템'에 대해 알려드리겠습니다. 하루 1시간만 투자해도 여러분 인생이 바뀔 겁니다.

#마케팅자동화 #자동수익 #네이버카페",https://www.youtube.com/watch?v=FdP--5bdS-w,2025-08-25T09:00:32Z,PT14M4S,844,False
"사업 시작하기 전에 체크해야 할, 단 한 가지 (사업 감각)","모든 사람들은 돈을 많이 벌고 싶어 합니다. 내가 돈을 어디까지 벌 수 있을까도 궁금해 하죠. 그런데 이 돈을 벌 수 있는 능력, 감각...타고난 재능이 아닌 거 알고 계셨나요? 이거 충분히 인지만 하고 있다면, 훈련만 한다면 여러분도 기를 수 있는 감각입니다.

이번 영상에서 사업 시작을 하는 분들, 돈 많이 버는 법을 알고 싶은 분들을 위해 이 감각을 기르는 방법, 훈련하는 방법을 알려드리겠습니다. 이 방법만 안다면 여러분도 이제 무한대의 돈그릇을 가지게 되는 겁니다.

#사업시작 #사업감각 #돈버는방법",https://www.youtube.com/watch?v=MVWhRleWdaw,2025-08-23T10:00:26Z,PT11M54S,714,False
지금 바로 네이버 플레이스 순위 올리는 새로운 로직 발견! 순위 변동 심한 지금이 기회입니다!,"지금 플레이스 순위가 왔다갔다 하느라 많은 분들이 멘붕에 빠졌습니다. 걱정마세요. 이번에도 제가 깔끔하게 정리했으니까요. 지금 플레이스 마케팅을 진행하고 있는데 상단에 갑자기 올라갔다? 순위가 갑자기 하락됐다? 모두 이유가 있습니다. 그 이유를 지금 바로 제가 알려드리겠습니다.

#네이버플레이스순위 #플레이스순위올리기 #플레이스마케팅",https://www.youtube.com/watch?v=rsE6g6EGL1Y,2025-08-21T09:01:16Z,PT10M14S,614,False
"다른 사람들이 ""너무 늦었어"" 욕할 때가 가장 돈 벌기 좋을 때. (후발주자가 선점 효과 업체 이기는 방법)","다른 사람들한테 사업한다고 하면 '너무 늦었어'라는 얘기를 듣나요? 제 생각은 다릅니다. 그때가 가장 사업하기 좋은 시기, 돈 벌기 좋은 시기입니다. 제 주변에도 이런 지인이 있었는데 후발 주자임에도 불구하고 그 시장을 선두했습니다. 그 노하우가 뭘까요? 이번 영상에서 확인해 보시죠.",https://www.youtube.com/watch?v=fxYN5_1X4mY,2025-08-19T09:01:04Z,PT11M25S,685,False
"돈 한 푼 없이 매달 400만 원씩 월세 받는 가장 현실적인 방법 (온라인 건물주, 네이버 카페)","저는 건물주가 꿈이었습니다. 그런데 건물을 살 돈이 없었죠. 그러다 한 귀인을 만나고 인생이 바뀌었습니다. 이분 말에 핵심은 '월세 수익'에 집중하라였죠. 월세 수익에만 집중한다면 온라인 건물주가 될 수 있다고요. 그렇게 저는 네이버 카페에 대한 니즈가 생겨났고 저만의 것을 만들어 월 천만 원 이상의 수익을 내고 있습니다.

이 네이버 카페 수익화 방법에 대해 알려드리겠습니다. 이번 영상만 잘 이해하고 실천하더라도 여러분은 월세, 그 이상의 불로소득을 얻게 될 겁니다.

#온라인건물주 #네이버카페 #네이버카페수익화",https://www.youtube.com/watch?v=RG16LBxgCYo,2025-08-18T09:00:43Z,PT14M13S,853,False
"지금 바로 돈 없이 사업 시작하는 방법 (무일푼 사업, 자본금 없이 창업, 무자본 창업)","창업 자금이 없다고요? 돈이 부족하다고요? 지금 시대에 돈이 없어서 창업하지 못한다는 말은 통하지 않습니다. 제가 오늘 알려드릴 5단계 프로세스대로만 한다면 창업 자금 0원으로 무일푼 사업이 가능하거든요. 자본금 없이 창업이 가능합니다. 그 방법이 궁금하신가요? 이번 영상에서 같이 확인해보시죠!

#무일푼사업 #사업아이템찾는법 #0원에서1억",https://www.youtube.com/watch?v=dbqzLI2uFy4,2025-08-16T09:30:25Z,PT20M34S,1234,False
결국 상위 노출시키는 블로그들의 10가지 비밀 (수 백 명의 인생을 바꾼 10가지 비밀 법칙),"어떻게 해서든 블로그 상위 노출을 시키는 블로그들은 공통점이 있습니다. 결국에 최적화 블로그를 만드는 블로그들에는 공통점이 있습니다. 제가 블로그 마케팅, 블로그 광고업을 10년 해오며 분석해온 자료를 이번 영상에 담았습니다.

만약 내가 지금 블로그 지수가 떨어지고 있는 거 같다면, 더욱더 블로그 상위노출을 시키고 싶다면 이번 영상을 집중해주세요. 여러분의 블로그가 한층 더 성장할 겁니다.

#블로그상위노출 #블로그마케팅 #블로그광고",https://www.youtube.com/watch?v=8RzLCo8slFE,2025-08-13T09:00:18Z,PT19M33S,1173,False
1년 안에 10억 버는 방법. '일반인도 가능한 온라인으로 돈 버는 법! 이 영상으로 종결',"저는 1년 안에 10억 버는 방법을 정확히 알고 있습니다. 정확히 말씀드리자면 실패없는 성공 공식을 알고 있는 거죠. 온라인 사업을 하는 분들, 온라인을 통해 돈을 벌려고 하는 사람들은 이번 영상을 통해 이 공식을 확실히 배우셔야 합니다. 그래야 남들보다 빠르게, 더 많이 억만장자, 부자가 될 수 있습니다

#1년안에10억 #온라인마케팅 #온라인사업",https://www.youtube.com/watch?v=r95t433fIh8,2025-08-09T10:01:31Z,PT10M50S,650,False
돈 긁어모으는 마케팅 전략… 이 전략만 사용했을 뿐인데 매출 1억 상승! 마케팅에 관심 있는 자영업자 필수 시청!,"마케팅 전략을 말하면 대부분 블로그 상위 노출, 인스타 릴스를 말하곤 합니다. 이 방법들이 틀린 것은 아닙니다. 하지만 이것'만' 운영하면 언젠간 망합니다. 왜? 지출 없이는 매출이 발생되지 않는 구조거든요. 투입 없이 돈을 벌 수 있는 시스템이 아닙니다.

그래서 저는 새로운 전략을 제시합니다. 지금하고 있는 마케팅 전략은 계속 하면서 오늘 알려드릴 전략을 추가하셔야 합니다. 그래야 지출 없이 선순환으로 매출이 오르는 시스템이 구축 됩니다. 온라인 광고, 온라인 마케팅이 자동으로 되는 시스템이 구축 됩니다. 뭔지 궁금하시죠? 바로 같이 확인해보시죠.

#마케팅전략 #자영업마케팅 #온라인마케팅",https://www.youtube.com/watch?v=TgBkSjOhYDI,2025-08-07T09:00:47Z,PT14M5S,845,False
"블로그로 돈 벌고 싶다면 '이 행동'들 절대 금지!｜저품질 블로그, 블로그 지수, 블로그 운영","블로그로 돈을 벌고 싶으세요? 그럼 블로그 마케팅의 본질인 '상위 노출'을 먼저 노리는 게 맞습니다. 상위 노출이 되어야만 내 블로그가 소비자 눈에 띄고, 연락이 올테니까요.

그런데 이 블로그 지수를 상승 시키고 싶다면서 왜 스스로 내 블로그에 독약을 먹이고 계시나요? 생각보다 많은 분들이 이유를 모르고 내 블로그에 안 좋은 행동을 꾸준히 하고 계십니다. 그래서 준비했습니다. 내 블로그에 진~~짜 안 좋은 행동 5가지! 이 5가지 꼭 배우시고 내 블로그 지수 하락 행위를 멈춰주시길 바랍니다.

#블로그돈 #블로그상위노출 #저품질블로그",https://www.youtube.com/watch?v=jjS73Xcr4IY,2025-07-10T09:30:34Z,PT13M44S,824,False
네이버 플레이스 상위노출에 새로운 기회가 온다! 이번 기회 놓치면 평생 후회합니다,"지금 플레이스 상위 노출에 새로운 바람이 불고 있습니다. 플레이스 상단 노출에 판도가 바뀌고 있습니다. 이걸 미리 알고 대비하는 사람과 모르고 넋 놓고 있던 사람의 격차는 어마 무시하게 벌어질 겁니다. 플레이스 마케팅 효과를 제대로 보고 싶은 분들이라면 이번 영상에서 알려드리는 4가지, 꼭 준비해주세요.

#네이버플레이스상위노출 #플레이스마케팅 #플레이스광고",https://www.youtube.com/watch?v=klHBkd4uWXU,2025-07-08T09:30:36Z,PT9M50S,590,False
"온라인으로 돈 버는 법｜’이걸’ 모르면 블로그, 유튜브, 인스타그램 평생 해도 망합니다","블로그, 유튜브, 인스타그램을 하고 있는 데 월 500도 벌지 못하고 있다? 그럼 확실히 뭔가를 잘못 운영하고 있는 겁니다. 이런 문제를 가진 대부분의 사람들은 '콘텐츠'를 팔고 있습니다. 콘텐츠는 결국 죽습니다. 우리는 콘텐츠가 아니라 '이걸' 팔아야 합니다. 이번 영상에서는 여러분의 성장을 위한 '수익화 엔진 4단계'를 알려드렸습니다. 이 4단계 수익화 엔진을 통해 여러분도 온라인으로 큰돈 버시길 바랍니다.

#온라인으로돈버는방법 #sns로돈벌기 #경제적자유",https://www.youtube.com/watch?v=2ti1oP0MVIQ,2025-07-03T09:30:02Z,PT18M41S,1121,False
"온라인에서 돈 벌고 싶다면 앞으로 '이곳'을 무조건 해야 합니다. 온라인 창업, 사업 준비생 필수 시청 (네이버 카페 마케팅)","이제 온라인에서 돈을 벌고 싶다면 오늘 알려드릴 내용을 정확히 알고 있어야 합니다. 온라인 마케팅에도 트렌드가 있는데 이 트렌드에 올라탄 사람들만이 돈을 벌고 있습니다. 온라인에서 사업을 통해 돈 버는 방법을 알고 싶다면, 마케팅 자동화와 퍼널 마케팅을 제대로 하고 싶다면 이번 영상 집중해서 봐주세요! 본질을 전부 알려드렸습니다.

#온라인돈벌기 #온라인사업 #온라인돈버는방법",https://www.youtube.com/watch?v=Bvpgvy-XQFk,2025-07-01T09:30:13Z,PT13M6S,786,False
"이 원리 1가지만 알게 되면 모든 게 해결됩니다｜브랜딩, 퍼스널 브랜딩, 온라인 마케팅, 무료 마케팅","돈 때문에 힘드신가요? 적자, 연체 때문에 힘드신가요? 이걸 한번에 해결할 수 있는 본질적인 해결 방법이 있습니다. 그리고 그 해결방법을 실행할 4단계 시스템이 있죠. 돈 버는 방법을 배우고 내 업에 적용하면 불황도, 경기 침체도 이겨낼 수 있습니다. 그 방법, 이번 영상에서 공개합니다.

#돈버는방법 #온라인마케팅 #사업",https://www.youtube.com/watch?v=srrTw1_XZhI,2025-06-26T09:30:37Z,PT15M33S,933,False
"하루 5분, 0원으로 네이버 플레이스 순위/매출 동시에 올리는 법 (제발 광고 회사에 돈 쓰지 마세요)","플레이스를 어떻게 세팅하느냐, 관리하느냐에 따라 매출이 달라지고 순위가 달라집니다. 플레이스 상위 로직도 중요하지만 실질적으로 소비자들이 내 플레이스를 마음에 들게 해야 순위가 빠르게 올라갑니다. 이번 영상에서는 자영업자, 소상공인 분들이 광고 회사를 쓰지 않고도 플레이스를 통해 가게 홍보할 수 있는 방법을 다뤘습니다. 이번 영상을 통해 많은 분들이 플레이스로 떼돈 버시길 바랍니다.

#플레이스마케팅 #플레이스상위노출 #플레이스광고",https://www.youtube.com/watch?v=wJ0aUWAavgA,2025-06-24T09:30:27Z,PT10M14S,614,False
부의 지도가 완전히 바뀌었습니다 (평범한 사람이 부자 되는 새로운 길 3가지),"지금 부의 지도가 완전히 바뀌었습니다. 우리가 부자가 되기 위해선 신흥부자들, 지금 떠오르는 부자들을 분석하고 부자 되는 법을 배워야 하는데 이들에게는 공통점이 하나 있습니다. 이 공통점만 안다면 나도 돈을 어떻게 벌어야 하는지 돈버는 방법을 알 수 있습니다. 이번 영상에서 제가 정확히 알려드리겠습니다.

#돈버는법 #부자되는법 #온라인사업",https://www.youtube.com/watch?v=b16dC9yJa6s,2025-06-20T09:30:31Z,PT15M5S,905,False
네이버가 당신에게 알려주지 않는 ‘블로그의 본질’｜15분 만에 최적화 1년 단축시켜 드림,"왜 다른 사람들은 최적화 블로그가 되는 거 같은데 나는 안될까요? 이건 네이버 블로그 로직을 몰라서 그런 게 아닙니다. 알고리즘을 몰라서 그런게 아닙니다. 네이버의 핵심 문장을 몰라서 그런 겁니다.

이번 영상을 통해 네이버가 어떤 조치를 취하더라도 내 블로그는 지수 상승 시킬 수 있는, 저품질 블로그를 막을 수 있는 특별한 문장 5가지를 알려드렸습니다. 이 문장 5가지로 여러분의 블로그는 이제 아주 특별한 블로그가 될 겁니다.

#최적화블로그 #네이버블로그 #블로그강의",https://www.youtube.com/watch?v=1CSkfStN9lM,2025-06-18T09:30:01Z,PT15M4S,904,False
광고비 90% 줄이고 매출은 3배 올리는 법. 작은 가게 생존 전략 ‘브랜딩’,"매달 나가는 광고비에 한숨만 나오시나요? 광고 안 하면 귀신 같이 뚝 끊기는 고객에 걱정하고 계시나요? 그 고민을 한 번에 해결할 수 있는게 바로 '브랜딩'입니다. 작은 가게, 소상공인은 물론 중소기업, 중견기업까지 활용할 수 있는 브랜딩 방법 6가지를 이번 영상에서 알려드렸습니다. 돈 안드는 마케팅, 광고비 없이 매출을 올리고 싶다면 이번 영상을 꼭 끝까지 시청해주세요!

#작은가게마케팅 #브랜딩 #소상공인광고",https://www.youtube.com/watch?v=2Ah9KBdgHJE,2025-06-12T09:30:00Z,PT24M6S,1446,False
"네이버 플레이스 순위 대격변 시작, 이 영상으로 빠르게 대처해야 합니다. (긴급 공지 바로 확인)","긴급 공지입니다. 플레이스 순위가 대격변하고 있습니다. 지금 네이버 플레이스 순위에 변화가 있는 분들은 이번 영상을 꼭 확인해주셔야 합니다. 아니, 플레이스 순위에 변화가 없더라도 미래에 플레이스 순위 하락이 두려운 분들도 꼭 확인하셔야 합니다. 이번 영상에 네이버 플레이스 핵심 알고리즘 3가지가 포함되어 있거든요. 이번 영상 꼭 확인하셔서 내 플레이스 순위 지켜내시길 바랍니다.

#플레이스순위 #플레이스마케팅 #플레이스광고",https://www.youtube.com/watch?v=_5sLk1vMdlI,2025-06-06T09:30:19Z,PT10M41S,641,False
"""당신이 평생 게으른 이유"" 뇌를 속이는 단 한 가지 방법을 몰라서 그렇습니다. 미루는 습관을 부숴버리세요","성공적인 삶을 살고 싶은데 게으름이 여러분이 지배하지 않고 있나요? 미루고 또 미루면서 달라진 나를 기대하고 있지는 않으신가요? 성공의 가장 큰 장애물은 게으름, 미룸입니다. 이 미루는 습관, 게으름 고치는 방법을 알려드리겠습니다. 딱 5초면 충분합니다.

#미루는습관 #게으름 #게으름고치기",https://www.youtube.com/watch?v=SGekm-u2XQw,2025-06-04T09:30:14Z,PT9M50S,590,False
최적화 블로그가 아닌데도 월천 버는 사람들의 진실｜이 4가지 방법을 98% 사람들은 모릅니다,"최적화 블로그로 월천 버는 거? 그거 어려운 거 아닙니다. 오히려 월 천을 못 벌면 그게 이상한 겁니다. 진짜 고수는 최적화 블로그가 아닌데도 블로그 마케팅으로 월 천 이상 버는 사람들이 진짜 고수입니다. 이 고수들의 노하우, 4가지를 알려드리겠습니다. 이 4가지만 전략적으로 활용하신다면 블로그 운영하면서 수익까지 기하급수적으로 늘어날 겁니다. 부업해라, 애드포스트 해라, 블로그 지수 높여라...이런 뻔한 얘기 아닙니다.

#최적화블로그 #블로그수익 #블로그로돈버는방법",https://www.youtube.com/watch?v=zlO35V2UNZY,2025-06-02T09:30:37Z,PT11M53S,713,False
이거 모르면 절대 상위 노출 안 됩니다 (네이버 카페 페널티 유형 5가지). 카페 상위노출 원리 모두 공개,"네이버 카페...아무리 글 올려도 상위노출 안 되는 분들 많으시죠? 그 이유가 뭘까요? 카페 패널티 유형 5가지를 몰라서 그렇습니다. 네이버 카페는 블로그와 달리 상단 노출 방법이 조금 복잡합니다. 그런데 이 5가지 유형을 알고 나면 카페만큼 상위노출 쉬운 것도 없죠. 이번 영상에서는 네이버 카페 상위노출 원리에 대해 다뤘습니다. 이 5가지 명확히 배우시고 카페 상위노출, 바로 해보세요.

#네이버카페상위노출 #네이버카페마케팅 #네이버카페광고",https://www.youtube.com/watch?v=7dJ8m2ZVf10,2025-06-01T09:30:09Z,PT9M14S,554,False
"1일 1포스팅 안 해도 방문자 100명에서 1,000명 가능한 방법｜이 3가지만 체크하세요. 무조건 블로그 방문자 & 수익 급상승합니다","블로그 일방문자를 늘리고 싶으신가요? 그래서 1일 1포스팅을 하고 계신가요? 그럴 필요 없습니다. 그런 노가다 하지 않아도 충분히 일방문자는 늘릴 수 있습니다.

일방문자를 늘리기 위해선 왜 늘어나지 않는지, 정확한 이유를 알고 이걸 해결하는 방법을 아는 게 중요합니다. 이번 영상에서 원인과 해결 방법을 전부 알려드렸으니 일방문자 늘리고 싶은 분들이라면 이번 영상 꼭 끝까지 시청해주세요!

#블로그방문자 #1일1포스팅 #블로그일방문자",https://www.youtube.com/watch?v=6YRVR46gFf0,2025-05-30T09:30:03Z,PT9M59S,599,False
네이버 카페 회원수 0원으로 10만 명까지 키운 딱 1가지 특별 비법,"네이버 카페를 운영하시는 분들이라면 한번쯤 고민하시는 게 있을 겁니다. 그건 바로? '카페 회원수 증가'. 네이버 카페를 몇 달간 운영해도 1,000도 안되는 회원수 때문에 좌절하는 분들이 수두룩 합니다.

그런데 어떤 카페는 미친듯이 회원 가입이 일어나요. 왜 그럴까요? 이번 영상에서 알려드릴 마케팅 기획을 미리 해놨기 때문입니다. 0명에서 10만 명을 만든 이 방법. 제가 이번 영상에서 자세히 알려드리겠습니다. 오늘 배우고 내일부터 당장 써먹어주세요.

#네이버카페회원수 #네이버카페회원수늘리기 #네이버카페회원가입",https://www.youtube.com/watch?v=s4bBotT9aGc,2025-05-28T09:30:26Z,PT11M42S,702,False
"팔로워, 구독자 획기적으로 늘리는 방법｜퍼스널 브랜딩의 시작! 유튜브, 인스타 알고리즘 아무 쓸모 없습니다","팔로워, 구독자 획기적으로 늘리고 싶으세요? SNS 마케팅을 통해 퍼스널 브랜딩을 완벽하게 하고 싶으세요? 그러면 '기억의 법칙 7단계'를 아셔야 합니다. 유튜브 알고리즘 공부해도, 인스타 알고리즘 공부해도 팬은 늘어나지 않습니다. 본질을 탄탄히 해야 합니다. 그 본질? 이번 영상에서 알려드리겠습니다. 이번 영상을 통해 '찐팬'을 얻어가세요.

#팔로워늘리기 #구독자늘리기 #퍼스널브랜딩",https://www.youtube.com/watch?v=mi5E-9dDk-I,2025-05-14T09:30:24Z,PT17M10S,1030,False
"초보 블로거 99%는 이 설정 4개를 안 해서 수익이 작살이 나버립니다. 첫 글쓰기 전에, 블로그 만들기 전에 이 세팅 먼저 해주세요","블로그 시작할 때 혹은 첫 글 쓸때 어떤 세팅부터 하시나요? 대부분 홈페이지형 블로그 스킨, 블로그 디자인, 프로필 설정 등 외적인 것부터 신경쓰고 계실 겁니다. 그런데 이게 중요한 게 아닙니다. 블로그 만들 때 정확한 설정을 하지 않으면, 지금 알려드릴 4가지 설정을 하지 않으면 상위 노출에 직접적인 영향이 생깁니다.

수익화 블로그를 위해 블로그 만들기를 하고 있는 분들이라면 꼭 이 블로그 설정을 해주세요! 이 4가지 설정으로 여러분의 수익이 달라집니다.

#블로그글쓰기 #블로그설정 #초보블로그",https://www.youtube.com/watch?v=wa_iublwCjE,2025-05-11T09:30:26Z,PT10M17S,617,False
남들보다 10년 빠르게 부자 되는 방법｜1년 노력을 1주일 만에 성공하는 법,"누구나 남들보다 빠르게 성공하고 싶어합니다. 누구보다 빠르게 목표를 달성하고 싶어하고 성공한 사람들 무리에 끼고 싶어하죠. 그런데 이 성공에도 효율이 있다는 거 알고 계시나요? 책도 좋고 강의도 좋지만 빠르게 성공하는 효율적인 방법은 따로 있습니다. 그 방법, 제가 알려드리겠습니다.

#목표 #성공하는방법 #자기계발",https://www.youtube.com/watch?v=2PYodAdMpcc,2025-05-09T09:30:03Z,PT9M3S,543,False
플레이스 영수증 리뷰 돈 안 쓰고 100% 다 받는 방법? 대행사 안 써도 999+ 가능합니다,"플레이스 영수증 리뷰 받기 위해 이벤트 많이 하시죠? 어떤 분들은 대행사를 통해 이 리뷰를 모으기도 하실 겁니다. 그런데 그럴 필요 없습니다. 제가 리뷰가 쌓일 수 밖에 없는 팁을 이번 영상에서 알려드렸거든요. 플레이스 마케팅에서 중요한 것 중 하나인 리뷰. 이번 영상으로 플레이스 리뷰 마스터해보시길 바랍니다.

#플레이스영수증리뷰 #플레이스리뷰 #플레이스마케팅",https://www.youtube.com/watch?v=V1wa2yN9EZg,2025-05-07T09:30:30Z,PT8M55S,535,False
"""이 5가지만 지켜도 월 천은 버는 거 같아요"" 요즘 돈 버는 사람들이 알려주는 빨리 돈 버는 방법. 경제적 자유를 빨리 이루고 싶다면?","저는 여러분께 돈 버는 방법을 알려드릴 때 절대 쉬운 길은 없다고 늘 말씀드렸죠? 특히나 모두가 꿈꾸는 월 천만 원을 목표를 하고 있다면 온 힘을 다해 노력해야 한다고도 말씀드렸습니다.

자, 그 방법을 오픈합니다. 지금 이 블황에서도 돈 벌고 있는 분들은 어떻게 돈을 벌고 있는지, 과거에는 어떻게 했는지 전부 알려드리겠습니다. 이것만 안다면 지금 당장은 아니더라도 틀림없이 여러분은 경제적 자유를 얻게 되실 겁니다.

#돈버는방법 #빨리돈버는방법 #월천",https://www.youtube.com/watch?v=PI2D9x9mQKo,2025-05-02T09:30:12Z,PT13M55S,835,False
네이버 카페 운영 전략만 잘 짜도 하루에 500만 원씩 수익 가능. 네이버 카페 빠르게 수익화하는 방법,"네이버 카페 운영을 하는 이유가 뭘까요? 카페 장점만 쏙쏙 빼먹기 위해 블로그가 아닌 카페를 운영하는 걸 겁니다. 그런데 이 카페 장점을 활용하지 못하는 분들이 많습니다. 글 양식, 등업 제도 등을 활용해 카페 수익화를 빠르게 하는 방법을 알려드리겠습니다. 이 방법만 잘 활용해도 1년은 앞서 나갑니다.

#네이버카페운영 #네이버카페수익 #네이버카페마케팅",https://www.youtube.com/watch?v=96yi3cMfT1U,2025-04-25T09:30:09Z,PT13M9S,789,False
"네이버 저품질 블로그 확인, 진단 방법 (증상, 현상), 이거 포함 안 되면 저품질 아닙니다. 저품질 탈출 안 하셔도 됩니다","지금 여러분의 블로그가 저품질 블로그가 아닐 수 있습니다. 다른 사람들의 가스라이팅 때문에 저품질 블로그라고 생각하고 있는 걸 수도 있습니다. 가장 확실한 저품질 진단 방법은 내가 하는 겁니다. 제가 확실히 블로그 지수가 떨어졌을 때 저품질 증상, 현상을 확인할 수 있는 방법을 알려드리겠습니다. 이대로만 하세요.

#저품질블로그확인 #저품질블로그진단 #저품질블로그증상",https://www.youtube.com/watch?v=n7h3HJv_lO0,2025-04-22T09:30:25Z,PT8M57S,537,False
네이버 상위노출만큼 중요한 도배에 신경 써야 하는 이유. 모든 키워드에 나만 검색 노출되게 하는 방법 공개 (feat. 네이버 카페),"여러분이 지금 네이버 마케팅을 하고 있다면 네이버 상위 노출에 엄청난 신경을 쓰고 계실 겁니다. 그런데 이 상위 노출에만 올인 하는 것보다 하나 더 신경 쓰면 좋은 게 있습니다. 그게 무엇이냐? 바로 도배입니다. 이 도배를 이용하면 네이버 검색 시 그 키워드에 내 블로그나 카페만 노출되게 되는데 이걸 활용하면 엄청난 네이버 마케팅 효과를 볼 수 있습니다.

어떻게 해야 하냐고요? 제가 이번 영상을 통해 알려드리겠습니다. 지금 지수가 높든 낮든 여러분의 매출은 2배 이상 상승될 겁니다.

#네이버상위노출 #네이버마케팅 #네이버키워드",https://www.youtube.com/watch?v=3A-6IT5J7CM,2025-04-17T09:30:04Z,PT9M11S,551,False
"블로그 포스팅 시작할 때 스트레스 줄여주는 '무료' 프로그램, 사이트. 블로그 상위 1% 고수들은 전부 다 씁니다","네이버 블로그 포스팅 할 때 가장 스트레스 받는 게 뭘까요? 포스팅 작성 시간, 키워드 추출, 사진 등이 있을 겁니다. 이제 그런 스트레스 안 받으셔도 됩니다. 블로그 마케팅/광고할 때 받는 스트레스, 지금부터 제가 알려드릴 프로그램과 사이트로 전부 해결이 가능하거든요. 이번 영상 끝까지 보시고 여러분의 블로그 스트레스 날리시길 바랍니다.

#블로그포스팅 #블로그시작 #블로그마케팅",https://www.youtube.com/watch?v=2_QEPgqoH7c,2025-04-16T09:30:04Z,PT9M40S,580,False
네이버 카페 시작할 때 주제만 잘 잡아도 카페는 쉽게 큽니다. 돈 되는 주제 선정은 이렇게 하는 겁니다,"네이버 카페 시작할 때 많은 분들이 가장 많이 고민하는 게 뭘까요? 맞습니다. 바로 카페 주제입니다. 어떤 카페 주제를 해야 비교적 빠르게 성장하고 쉽게 키울 수 있을지 늘 고민하시죠. 이제 그런 고민 안 하셔도 됩니다. 어떤 카페 주제를 잡아야 돈이 되는지, 수익이 나는지, 수익화가 되는지, 자동화가 되는지 이번 영상에서 깔끔하게 정리했습니다.

여러분의 카페 성장을 위해, 주제를 잘 잡기 위해 이번 영상 끝까지 시청해주세요!

#네이버카페시작 #네이버카페수익 #네이버카페마케팅",https://www.youtube.com/watch?v=NGjnYn6zDqk,2025-04-13T23:44:56Z,PT8M58S,538,False
네이버 플레이스 방문자 유입량을 미친듯이 올려야 하는 이유. 트래픽 프로그램 없어도 조회수 폭발하는 최고의 방법,"네이버 플레이스 유입을 지금 당장 늘려야 합니다. 그래야 플레이스 상위노출에도 유리하고 매출 상승에도 유리합니다. 많은 분들이 유입을 늘리기 위해서 리워드, 트래픽 프로그램을 사용하지만 그러실 필요 없습니다. 제가 알려드릴 3가지 무료 전략만 이용해보세요. 확 달라질 겁니다.

#네이버플레이스유입 #네이버플레이스트래픽 #네이버플레이스방문자",https://www.youtube.com/watch?v=lmuj2uWqTZ0,2025-04-09T22:00:47Z,PT12M2S,722,False
아니? 네이버 카페로 이렇게 돈 벌 수가 있다고? 까페 수익구조 낱낱이 파헤쳐 드립니다,"네이버 카페로 자동 수익화 하는 방법, 몇 가지나 알고 계시나요? 수익화 방법을 많이 알면 알수록 내가 카페를 어떻게 운영해야 되는지, 카페 수익은 어떻게 가져가야 할지, 돈을 어떻게 벌어야 할 지가 보입니다. 이번 영상에서 17가지나 되는 방법을 알려드렸습니다. 이 방법으로 여러분의 네이버 카페를 수익화 해보세요!

#네이버카페수익 #네이버카페수익구조 #네이버카페돈버는방법",https://www.youtube.com/watch?v=25JcfE80qsI,2025-03-25T10:00:03Z,PT12M10S,730,False
"지수 낮은 블로그도 가능한 돈 버는 방법! 1달 만에 1,700만 원 순이익의 비밀 / 준최적화 블로그, 새로 만든 블로그 전부 가능!","지수가 낮은 블로그가 상위 노출도 안되고 매출도 안 오르고 있다고 생각하시나요? 아닙니다. 이건 틀렸습니다. 블로그 지수가 낮아도 돈 되는 블로그, 돈 버는 블로그 충분히 될 수 있습니다. 심지어 준최적화 블로그, 새로 만든 블로그까지 가능한 전략입니다. 이번 영상을 통해 이 전략 완벽히 마스터 하시길 바랍니다.

#블로그로돈버는방법 #블로그지수 #돈되는블로그",https://www.youtube.com/watch?v=LPh6wLQyJis,2025-03-24T10:00:31Z,PT10M54S,654,False
"작은 브랜드, 작은 가게를 위한 가장 효율적인 마케팅 전략, '이걸' 몰라 매출이 안 오르는 겁니다","작은 브랜드, 작은 회사, 작은 가게들은 정통 마케팅 기법을 할 필요가 없습니다. 현실적으로 안 맞습니다. 내 브랜드와 가게를 살리기 위해서는 오늘 알려드리는 3가지 마케팅 전략만 따라하시면 됩니다. 어제와 다른 오늘이 될 거고 오늘과 다른 내일이 될 겁니다.

#작은브랜드 #작은브랜드마케팅 #마케팅전략",https://www.youtube.com/watch?v=mT_a2xofB10,2025-03-22T10:00:56Z,PT10M,600,False
블로그 저품질 대란! 사실 전부 구라다?! 지수 하락된 거 같은 분들 필수 시청! (저품질 블로그? 탈출 시켜드릴게요),"블로그 저품질 대란이 사실 전부 거짓이었다면 어떠실 거 같으세요? 그런데 그 일이 실제로 일어났습니다. 지금 지수 하락된 사태 한 번쯤 겪으셨죠? 그리고 전부 이런 이유로 유튜브를 통해 정보를 찾으셨을 겁니다. 그런데 그 중 정확한 정보? 저는 하나도 없다고 생각합니다. 제가 이번 영상에서 말한 내용을 말한 사람들이 단 한 사람도 없었거든요. 제 영상을 보시면 그 유튜버들 영상? 다시는 못 보게 될 겁니다

#저품질대란 #블로그지수하락 #저품질블로그",https://www.youtube.com/watch?v=D9pC6VbvnhI,2025-03-15T10:00:28Z,PT8M42S,522,False
네이버 카페 상위노출은 좀 다릅니다. 그래서 떼돈을 법니다. 수익화하기 좋습니다,"네이버 카페 상위노출 방법은 조금 다릅니다. 블로그와 비교하면 차이가 확연하게 나타나는데요, 이 개념만 알고 계셔도 내가 어떤 부분이 부족한지 알게 됩니다. 그럼 당연히 상단노출, 수익화 시점도 빨라지겠죠.

#네이버카페상위노출 #네이버카페상단노출 #네이버카페수익",https://www.youtube.com/watch?v=011AKgLsvC8,2025-03-14T10:00:02Z,PT6M27S,387,False
"네이버 블로그 저품질 대란이 곧 옵니다. 챗 GPT, AI 절대 쓰지 마세요. (해결 방안, 대책 포함) 필수 공지","장담하는데 3월 중으로 블로그 저품질 대란이 올 겁니다. 여기저기서 곡소리가 날 겁니다. 왜냐고요? 유튜브에서 잘못된 내용을 알려주고 있고 그걸 따라하는 분들이 많아졌거든요. 챗gpt를 이용해라, 망고보드 이용해라와 같은 잘못된 지식이 넘쳐나기 때문에 네이버가 물갈이를 할 수 밖에 없는 상황입니다.

제가 이번 영상에서 알려드린 3가지를 주의하지 않으면 100% 저품질 블로그에 걸릴 수 밖에 없습니다. 이번에 올라온 네이버 블로그팀 공지를 보며 하나씩 분석해보겠습니다.

#블로그챗gpt #저품질블로그 #저품질대란",https://www.youtube.com/watch?v=hG-9J0UGqZU,2025-03-13T10:01:01Z,PT8M3S,483,False
"2025년 마케팅 트렌드, 이유를 알면 안 봐도 됩니다. 모른다면 알아야만 월 1억 찍을 수 있습니다 (온라인 마케팅 전략)","2025년 마케팅은 사뭇 다른 분위기로 흘러가고 있습니다. 이 트렌드를 모르면 뒤처질 수밖에 없겠죠? 여러분의 마케팅 전략, 스킬 향상을 위해 2025년 마케팅 전략에 대해 알려드리겠습니다. 온라인 마케팅에 바로 적용할 수 있게, 월 천만원, 1억 벌 수 있게 가장 중요한 5가지를 알려드립니다.

#2025마케팅트렌드 #마케팅트렌드 #마케팅전략",https://www.youtube.com/watch?v=WyeAMcWHUvY,2025-03-08T10:00:36Z,PT10M13S,613,False
이 증상들이 보인다? 블로그 망한 겁니다. 새로 만든 블로그가 나을 수도 있습니다 (저품질 블로그),"블로그에 이런 증상이 있다면 새로운 블로그를 키우는 게 훨씬 나을 수도 있습니다. 대표적인 저품질 블로그 증상 3가지에 대해 알아보겠습니다.

#새로만든블로그 #저품질블로그 #블로그노출",https://www.youtube.com/watch?v=43uXwRIK1rk,2025-03-07T10:00:06Z,PT1M5S,65,False
열심히 살아도 인생이 안 바뀐다면 내 잘못이 아닙니다. 주변 환경(사람)의 중요성을 모르는 것뿐입니다. (인생 바꾸는 법),"열심히 살아도 인생이 바뀌지 않는다면 여러분 문제가 아닐 수 있습니다. 주변 환경이 받쳐주지 않기 때문에 앞으로 못 나아가는 겁니다. 그렇다고 주변 사람들을 막 바꾸느냐? 그것도 아닙니다. 바꾸더라도 노하우가 있는데요, 그 노하우를 이번 영상에서 제가 알려드리겠습니다.

#열심히살았는데 #주변환경의중요성 #주변사람",https://www.youtube.com/watch?v=0eW5eT3_Ej0,2025-03-05T10:00:00Z,PT8M,480,False
더 나은 선택을 하는 최고의 방법. 올바른 선택을 하는 법 (넛지),"선택을 어떻게 하느냐에 따라 내 인생이 달라질 수 있습니다. 어떤 선택을 해야 할까요? 이번 영상에서는 올바른 선택을 하는 방법, 더 나은 선택을 하는 방법에 대해 알려드리겠습니다.

#더나은선택 #올바른선택을하는법 #올바른결정",https://www.youtube.com/watch?v=qfsKamO8zBc,2025-03-04T22:00:41Z,PT1M21S,81,False
"꽁꽁 숨겨왔던 플레이스 상위노출 방법, 관리 공식만 외우면 순위 상승 가능합니다! (플레이스 로직/알고리즘 공개, 프로그램X)","플레이스 상위노출 방법에도 정석이 있습니다. 이 정석을 알고 계시나요? 오늘 알려드릴 정석 공식만 외우신다면 플레이스 로직이 변동이 되던, 다른 사람이 프로그램을 쓰던, 아무 문제 없이 상위노출 시킬 수 있습니다. 그 방법, 이번 영상에서 확인해보시죠.

#플레이스관리 #플레이스순위 #플레이스상위노출",https://www.youtube.com/watch?v=qfLiGgC8HLM,2025-03-03T11:40:56Z,PT8M29S,509,False
새로 만든 블로그도 상위 노출 가능한 3가지 비법!,"이제 새로 만든 블로그도 상위노출 가능합니다! 다만 이 3가지 조건만 지킨다면요. 오래된 블로그만 상단노출 될 수 있다는 편견을 버려주세요!

#새로만든블로그 #블로그만들기, #블로그상위노출",https://www.youtube.com/watch?v=zNbjpLEu__Y,2025-02-27T22:00:48Z,PT1M34S,94,False
"아직까지 블루오션인 곳! 잠자면서도 내 일을 통해 자동 수익, 자동화 시스템을 구축할 수 있는 곳은 네이버 카페밖에 없습니다 (패시브인컴, 파이프라인)","잠 자면서까지 돈이 굴러 들어오는 것, 자동수익을 한번쯤 생각해보셨을 겁니다. 그런데 이 자동 수익의 핵심은 뭘까요? 바로 '수익'입니다. 이 수익을 어떻게 생각하느냐에 따라 자동화 시스템이 구축될 수도 있고 패시브인컴, 파이프라인이 제대로 구축될 수도 있죠. 그 방법을 이번 영상에서 제대로 알려드리겠습니다!

#자동수익 #자면서돈버는법 #자동화시스템",https://www.youtube.com/watch?v=4qo1VUgzEXQ,2025-02-20T10:00:04Z,PT8M53S,533,False
돈 벌고 싶다면 이 3가지 말은 절대 믿지 마세요,"돈 벌고 싶으세요? 그럼 제가 말씀드릴 3가지 유형의 사람들을 피해야 합니다. 이 사람들만 피하더라도 큰돈을 벌 수 있습니다.

#돈벌고싶다면 #돈벌이 #돈벌기",https://www.youtube.com/watch?v=cXaY51XxW-c,2025-02-18T10:00:42Z,PT1M4S,64,False
이제 노가다 작업하지 마세요. 챗 GPT로 플레이스 상위노출 자동화하세요! 플레이스 리뷰 답글 10초 안에 끝내기,"플레이스 운영, 관리를 해보신 분들은 아시겠지만 리뷰 답글 달기 굉장히 귀찮고 힘듭니다. 매번 다른 내용으로 쓰기도 힘들고 악플이라도 달렸다면 어떻게 대처할 지 머리가 아프죠.

그래서 제가 이번 영상을 통해 플레이스 리뷰를 무료로, 효율적이게 관리하는 방법을 알려드렸습니다. 이번 영상을 통해 플레이스 관련 스트레스 쫙~ 날리시길 바랍니다.

#플레이스리뷰 #플레이스리뷰답글 #네이버리뷰작업",https://www.youtube.com/watch?v=EmpI4NAQIDY,2025-02-13T00:00:48Z,PT7M40S,460,False
플레이스 매장 이름에 지역 키워드 넣어야 할까요?,"플레이스 세팅/등록할 때 내 업체명, 상호명에 지역 키워드 넣어야 할까요? 넣지 말아야 할까요? 제가 정답을 이번 영상에서 정확히 말씀드렸습니다! 더이상 헷갈려 하지마세요!

#플레이스상호명 #플레이스지역키워드 #플레이스업체명",https://www.youtube.com/watch?v=Wg8-VbySbBI,2025-02-12T10:00:44Z,PT1M7S,67,False
"바로 상위 노출되는 블로그는 제목부터 다르다?! 신생 블로그, 일방문자 30명 이하, 초보자도 상단노출 가능한 블로그 제목 짓기","블로그 제목을 어떻게 짓느냐에 따라 상위노출이 확연히 달라집니다. 블로그 제목을 짓는 것도 공식이 있는데요, 이번 영상에서는 블로그 제목만 잘 지어도 상위되는 법을 알려드리겠습니다. 이번에 알려드리는 공식만 외워주세요!

#블로그제목 #블로그제목짓기 # 블로그제목정하기",https://www.youtube.com/watch?v=zGfSqk3yZ8I,2025-02-10T10:01:09Z,PT7M56S,476,False
"씨랭크, 최적화 블로그 / 카페 차이가 대체 뭘까?","네이버를 하다 보면 한번쯤 최적화, 씨랭크 차이에 대해 궁금하셨을텐데요, 제가 이번 영상에서 정확히 알려드리겠습니다.

#최적화블로그 #씨랭크블로그 #최적화카페",https://www.youtube.com/watch?v=VuSCdAgnL2A,2025-02-09T22:00:20Z,PT1M4S,64,False
"네이버 플레이스 리뷰 5가지 원칙을 알아야 상위 노출됩니다. 개수, 답글 길이 전혀 중요하지 않아요 (영수증 리뷰, 블로그 리뷰)","네이버 플레이스 상위노출을 위해 리뷰 개수만 늘리고 계시나요? 대행사 써서 돈을 뿌리고 다니시나요? 그렇게 하셔도 상단 노출 안 됩니다. 리뷰를 이용해 노출시키는 상위로직은 따로 있거든요. 그 로직? 이번 영상에서 제가 알려드리겠습니다

#네이버플레이스리뷰 #네이버플레이스영수증리뷰 #네이버플레이스블로그리뷰",https://www.youtube.com/watch?v=S-oz-97WtfU,2025-02-01T10:00:32Z,PT10M6S,606,False
네이버 플레이스 상위로직 공식. 이 공식만 외우면 끝입니다,"네이버 플레이스 상위노출 공식만 외운다면 내가 어느 부분이 부족한지 알 수 있습니다. 이것만 알게 되면 어느 부분을 채우고 보완한다면 플레이스 상위노출이 쉬워지겠죠. 이 방법을 알려드리겠습니다.

#플레이스상위노출 #플레이스마케팅 #플레이스상단노출",https://www.youtube.com/watch?v=6ceElhdRrQc,2025-01-30T22:00:05Z,PT1M3S,63,False
"이유가 7가지나 있다고? 네이버 블로그 상위노출, 저품질, 브랜딩, 운영, 글쓰기 등에 지친 사람들이 지금 네이버 카페로 이동하고 있는 이유","네이버 블로그를 떠나는 사람들의 공통점이 있습니다. 상위노출, 저품질, 브랜딩, 운영, 글쓰기 등의 문제뿐만이 아닌 7가지 이유가 있습니다. 이 7가지 이유를 정확히 알아야 내가 블로그를 잘 운영할 수 있을지 명확한 판단이 가능합니다. 이 이유와 함께 해결방법까지 알려드리겠습니다!

#블로그상위노출 #저품질블로그 #블로그글쓰기",https://www.youtube.com/watch?v=c4wPkaeZEUI,2025-01-23T10:00:39Z,PT11M21S,681,False
마케팅에 돈 쓰지 마세요. 예산이 없다면 이걸로도 충분합니다 (온라인 마케팅 채널),"돈이 없다고, 예산이 없다고 마케팅에 아예 손 놓으실 건가요? 온라인 마케팅 장점 중 하나는 예산 비용이 없더라도 마케팅 집행이 가능하다는 겁니다. 제가 지금 말씀드린 방법대로만 대체해서 마케팅 진행해보세요. 틀림없이 변화합니다.

#마케팅비용 #마케팅예산 #온라인마케팅",https://www.youtube.com/watch?v=gIj9W_Na5QQ,2025-01-21T22:00:21Z,PT1M24S,84,False
"돈도 트렌드가 있습니다. 요즘 돈 버는 트렌드는 늦은 성공, 늦게 사업하기, 후발주자 되기","혹시 돈 버는 것도 트렌드가 있는 거 알고 계시나요? 돈 버는 트렌드를 알아야 돈버는 법을 빨리 깨우칠 수 있습니다. 돈 많이 벌기 위해선 이번 영상에서 알려드리는 전략을 바로 적용해보세요!

#돈버는트렌드 #돈버는법 #돈많이버는방법",https://www.youtube.com/watch?v=yM87xBiTKBw,2025-01-18T10:01:04Z,PT5M49S,349,False
"멘탈 강해지는 마법의 문장 2가지, 강철 멘탈 1분 만에 만드는 방법","멘탈이 강해지고 싶으세요? 강철 멘탈을 만들고 싶으세요? 그렇다면 제가 써본 이 방법은 어떠신가요?

#멘탈강해지는법 #강철멘탈 #멘탈동기부여",https://www.youtube.com/watch?v=KqheXehPM9k,2025-01-17T10:00:21Z,PT50S,50,True
"돈 되는 블로그 주제, 카테고리 선정은 이렇게 하는 겁니다. 수익화 블로그 키워드 방향성 제가 잡아드릴게요","돈 되는 블로그 주제, 카테고리는 따로 있습니다. 수익화를 원한다면 인터넷에서 추천하는 추천 주제를 하는 것이 아니라 나 스스로 블로그 방향성을 잡을 수 있어야 합니다. 블로그 키워드 잡는법, 찾는법 제가 이번 영상에서 전부 알려드렸으니 더이상 돈 되는 블로그 주제로 스트레스 받지 마세요!

#블로그주제 #블로그카테고리 #수익화블로그",https://www.youtube.com/watch?v=DN4SVVAjfEA,2025-01-16T10:00:22Z,PT9M30S,570,False
"월 수익 천만 원, 1억을 위한 아주 쉬운 마인드셋","월 천만 원, 월 1억을 벌고 싶다면 포기하세요. 그냥 놓아버리세요. 그게 훨씬 더 빨리 큰돈을 벌 수 있습니다. 그 방법을 지금! 바로 알려드리겠습니다!

#월천만원 #월천 #부자마인드",https://www.youtube.com/watch?v=aWpwNvCGS8c,2025-01-13T21:00:01Z,PT1M15S,75,False
무조건 확인하세요! 네이버 플레이스 통계에 '이 키워드' 트래픽이 유입된다면 지금 당장 조치를 취해야 합니다. (어뷰징 분석 방법도 알려드릴게요),"만약 내 플레이스에 이런 통계가 유입된다면 당장 조치를 취해야 합니다. 이 트래픽은 내 플레이스 순위를 상승시킬 수도, 하락시킬 수도 있는 키워드이기에 분석 방법을 정확히 알고 대처해야 합니다. 어뷰징 분석 방법까지 전부 알려드리겠습니다!

#네이버플레이스통계 #네이버플레이스트래픽 #네이버플레이스어뷰징",https://www.youtube.com/watch?v=AsrHvIWzYMU,2025-01-12T10:00:08Z,PT9M35S,575,False
네이버 블로그 운영 시 아이피 (IP) 진짜 중요할까?,"네이버 블로그를 운영하다보면 아이피(IP)가 중요하다고 하는데 정말 중요할까요? 중요하다면 왜 중요할까요? 아이피와 저품질과는 무슨 상관관계가 있을까요?

#블로그아이피 #저품질블로그 #블로그ip",https://www.youtube.com/watch?v=NdWUCuUEZAw,2025-01-09T10:00:22Z,PT1M29S,89,False
네이버 플레이스 대표 키워드 설정 꿀팁! 10가지 노하우를 하나에 담았습니다,"네이버 플레이스 대표 키워드를 어떻게 세팅하는 지에 대해 저번 영상에서 깊게 다뤘었죠? 그런데 저번 영상이 올라간 후 대표 키워드에 대해 떠도는 소문을 다뤄달라는 요청이 많이 왔었습니다.

그래서 이번 영상에서는 대표 키워드 관련 떠도는 소문! 특히 플레이스 상위노출과 관련된 소문을 중점적으로 다뤄봤습니다. 이번 영상을 통해 여러분은 대표 키워드에 대해 마스터 하게 될 겁니다.

#플레이스대표키워드 #플레이스키워드 #네이버플레이스설정",https://www.youtube.com/watch?v=CFHbzs6_plA,2025-01-08T10:00:11Z,PT10M13S,613,False
네이버 블로그 수정하면 저품질 블로그 될까?,"네이버 블로그를 어느정도 운영하다보면 이상한 소문들을 많이 듣게 되는데요, 특히 블로그 수정에 대한 소문은 한번쯤 들어보셨을 겁니다. 네이버 블로그 수정하면 될까요? 안 될까요? 블로그 수정하면 저품질 될까요? 안 될까요?

#네이버블로그수정 #저품질블로그 #블로그마케팅",https://www.youtube.com/watch?v=Y5e-yHMfEpc,2025-01-06T10:00:35Z,PT1M24S,84,False
네이버 플레이스 대표 키워드 이 영상으로 끝냅니다. 세팅만 잘해도 트래픽 전혀 필요 없습니다. 상위노출 바로 됩니다,"네이버 플레이스 대표 키워드만 제대로 세팅해도 네이버 플레이스 상위노출 확실히 가능합니다! 대부분 이 부분을 몰라서 상단노출이 안 되고 있는 겁니다. 제가 트래픽 없이도 플레이스 세팅만으로 노출되는 방법을 알려드리겠습니다.

이번 플레이스 강의로 여러분의 플레이스 순위는 수직 상승할 겁니다. 후기 꼭! 댓글로 남겨놔주세요.

#플레이스대표키워드 #플레이스키워드 #네이버플레이스세팅",https://www.youtube.com/watch?v=Ir73N-t5t9Q,2025-01-03T10:00:18Z,PT12M5S,725,False
플레이스 상위노출? 막말로 키워드 몇 개만 바꿔도 가능합니다,"플레이스 상위노출? 정말로 키워드 몇개만 바꿔도 웬만한 업종들은 전부 쉽게 가능합니다. 일부 사람들은 이 부분이 소용없다고 하지만 절대 아닙니다. 키워드에 목숨 거셔야 합니다

#플레이스상위노출 #플레이스키워드 #네이버지도상위노출",https://www.youtube.com/watch?v=EsW4jSZv9nM,2024-12-30T10:00:18Z,PT53S,53,True
현금 비중이 높을수록 성공할 확률이 높은 이유 (자기 계발이 다가 아니다),"현금을 얼마나 가지고 있어야 마음이 편할까요? 혹은 성공을 향해 달릴 수 있을까요? 제가 생각하는 현금비중의 황금비율을 알려드립니다.

#현금비중 #현금 #자기계발",https://www.youtube.com/watch?v=0sRBy_yucFU,2024-12-01T10:00:00Z,PT1M1S,61,False
네이버 플레이스 광고 없이 상위노출 시키는 새로운 전략 - ㅇㅇ키워드부터 노려라,"네이버 플레이스 광고, 이제 안 돌려도 됩니다. 오늘 알려드릴 새로운 전략만 알게 된다면 말이죠. 네이버 플레이스 마케팅, 상위노출을 위해 여러 키워드를 노리고 계시죠? 그런데 이 영상을 보신다면 그 키워드 전부 싹다 버리게 될 겁니다. 새로운 정보가 나타났거든요.

#네이버플레이스광고 #네이버플레이스상위노출 #네이버플레이스키워드",https://www.youtube.com/watch?v=qMfmRyS0csY,2024-11-30T10:01:01Z,PT7M34S,454,False
"1일 1포스팅, 2포스팅… 매일 블로그 포스팅해도 상위 노출 안되는 이유","이제 네이버 블로그 최적화, 상위노출을 위해 1일 1포스팅, 1일 2포스팅에 목숨걸지 않아도 됩니다. 이걸 우선 순위 두지 않아도 충분히 최적화 블로그, 씨랭크 블로그 만들 수 있습니다.

#1일1포스팅 #블로그최적화 #블로그상위노출",https://www.youtube.com/watch?v=4i8MBd-0mTU,2024-11-29T10:00:09Z,PT48S,48,True
플레이스 순위 자꾸 하락? 올리고 싶다면 ㅇㅇㅇ을 관리하세요,"플레이스 순위가 자꾸 하락하시나요? 이 개념을 몰라서 그렇습니다. 이번 영상에서 알려드릴 개념만 아셔도 플레이스 상위노출, 순위 유지, 순위 상승이 되는 것은 물론 순위 하락까지 예방할 수 있습니다.

#플레이스순위 #플레이스순위올리기 #플레이스관리",https://www.youtube.com/watch?v=T4GOTRaIfT0,2024-11-28T10:00:23Z,PT6M30S,390,False
내 미래 수익을 알 수 있는 간단한 방법,"내가 얼마 벌 수 있는지 간단히 확인하는 방법이 있습니다. 제가 사업을 확장하거나 수익을 늘리고 싶을 때마다 확인하는 방법인데요, 유튜브에서 오픈하겠습니다!

#수익증가 #미래수익 #월천만원",https://www.youtube.com/watch?v=FhTXg6gP2iw,2024-11-24T10:00:12Z,PT1M12S,72,False
"네이버 상위노출 판도가 뒤바뀝니다. 최적화 블로그, 카페 없어도 10분 만에, 짧게 써도, 누구나 상위 등록됩니다","네이버 상위노출 판도가 뒤집혔습니다. 이제 일반인분들도 무려 네이버 통합검색 영역에 상위노출 가능합니다. 최적화 블로그, 최적화 카페, 씨랭크 카페가 없어도 네이버 상위등록하는 방법을 이번 영상에서 오픈합니다.

네이버 마케팅 효과를 지금 당장 보고 싶은 분들은 이번 영상 놓치지 마세요!

#네이버상위노출 #네이버마케팅 #네이버광고",https://www.youtube.com/watch?v=DQqkeFzrER0,2024-11-22T10:00:12Z,PT7M39S,459,False
"블로그에 일상글, 일기 써도 최적화가 될까?","아직도 네이버 블로그에 일상글, 일기를 써도 최적화가 된다고 믿고 계신가요? 안타깝지만 그딴 건 없습니다. 이제 이런 시대는 갔습니다.

#최적화블로그 #블로그상위노출 #블로그일상글",https://www.youtube.com/watch?v=w8Mrp5ME7ZI,2024-11-21T10:00:57Z,PT1M,60,True
거짓말 같지만 플레이스 순위 1위여도 폐업합니다. 그 이유는?,"플레이스 상위노출만 신경써도 매출이 안 오를 수 있습니다. 아니 오히려 오늘 알려드린 업체처럼 폐업을 할 수도 있죠. 그 이유가 뭘까요? 이번 영상에서 확인해보시죠.

#플레이스순위 #플레이스상위노출 #플레이스마케팅",https://www.youtube.com/watch?v=doFJ43kp4fY,2024-10-10T10:00:42Z,PT1M,60,True
내 일만 잘 한다고 돈 벌 수 있는 세상은 사라졌다,"한 우물만 파면 성공한다는 건 틀렸습니다. 지금은 한 우물만 파기 보다 여러 우물을 파야 성공하는 시대입니다. 그렇다면 이 우물, 어떻게 파야할까요?

#자기계발 #자기개발 #성공명언",https://www.youtube.com/watch?v=jicW8sPGXIk,2024-10-09T10:00:50Z,PT47S,47,True
네이버 플레이스 키워드와 같이 세팅하면 상위노출 더 잘 되는 버튼 5개,"네이버 플레이스 상위노출을 위해선 SEO최적화도 중요하지만 이번 영상에서 알려드린 5개 버튼도 중요합니다. 심지어 이 버튼들은 한번 세팅하면 반영구적으로 가져갈 수도 있기에 효율성이 좋죠. 그 버튼들을 지금 알려드리겠습니다.

#네이버플레이스키워드 #네이버플레이스상위노출 #네이버플레이스예약",https://www.youtube.com/watch?v=C-q_jxqBxQ4,2024-10-07T10:00:10Z,PT13M32S,812,False
블로그 마케팅하면서 의외로 많은 사람들이 놓치는 단 1가지,"블로그 마케팅을 하면서 생각보다 많은 분들이 신경 쓰지 못하고 있는 게 있습니다. 바로 상위 노출. 블로그의 핵심은 상위노출입니다. 상위노출 못하는 블로그는 죽은 블로그입니다.

#블로그상위노출 #블로그마케팅 #블로그마케팅",https://www.youtube.com/watch?v=DPnJV6V-vl4,2024-10-05T10:00:12Z,PT1M,60,True
"준최 1,2,3...최적화 블로그 1,2,3...이런 블로그 지수 확인 사이트들 숫자놀이가 아무 의미 없는 이유 3가지","지금 여러분들은 속고 있습니다. 준최1, 준최2 이딴 단계 솔직히 필요 없습니다. 아니 정확히 말하면 믿으면 안 됩니다. 이 이유는 4가지가 있는데요, 이 4가지를 들으면 이제 이딴 숫자 놀이에 더 이상 휘둘리지 않게 되실 겁니다. 더이상 블로그 지수 확인 사이트들에게 속지 마세요.

#블로그마케팅 #준최적화블로그 #최적화블로그",https://www.youtube.com/watch?v=yaqjzCYdz2k,2024-10-04T10:01:11Z,PT10M39S,639,False
이걸 왜 몰라? 네이버 플레이스 등록할 때 이 '키워드' 꼭 넣으세요. 최적화/상위노출이 달라집니다,"네이버 플레이스 등록할 때 상위노출이 되고 싶다면 이 '키워드'를 꼭 넣어야 합니다. 많은 분들이 이 부분을 놓치고 알림받기, 저장하기, 트래픽 넣기 등과 같은 헛된 일에 돈을 쓰고 계시는데 이건 틀렸습니다.

지금 해야하는 일은 우선 네이버 '봇'에 내가 어떤 업종인지, 어떤 키워드와 연관되어 있는지를 먼저 알려줘야 합니다. 이 방법을 이번 영상에서 알려드리겠습니다.

#플레이스등록 #네이버플레이스최적화 #네이버플레이스키워드",https://www.youtube.com/watch?v=sl7exxu7mxA,2024-07-10T10:01:01Z,PT11M28S,688,False
유튜브 세계 왕따가 말합니다. 어릴 때 성공하려고 하는 사람들이 제일 멍청한 이유 (20대 때 창업 말고 한 살이라도 어릴 때 해야 할 일),"저는 부업하라, 퇴사해라, 창업해라, 사업해라 라고 종용하는 사람들을 굉장히 싫어합니다. 그리고 '열정'이라는 단어를 가지고 자기계발 콘텐츠를 만들어내는 사람도 별로 좋아하지 않습니다. 그 이유는 이 '열정'이라는 단어와 제가 싫어하는 사람들의 공통점이 있어서인데요, 그 공통점이 뭘까요? 그리고 어릴 때 성공하는 게 왜 어리석은 걸까요?

이번 영상을 통해 확인해보시죠!

#20대창업 #어릴때성공 #젊을때해야할일",https://www.youtube.com/watch?v=-q4cTy6PQ_c,2024-04-15T09:00:00Z,PT13M43S,823,False
미라클 모닝을 낮 12시에 해도 되는 이유,"미라클 모닝의 핵심을 알면 이제부터 기상 시간을 신경쓰지 않게 될 겁니다. 이번 영상으로 미라클 모닝의 핵심을 파악해보세요.

#미라클모닝 #새벽기상 #shorts",https://www.youtube.com/watch?v=4RE4PmOKAyg,2024-03-28T09:00:03Z,PT53S,53,True
돈 버는 방법이 바뀐다. 이 뒤집힌 돈 버는 규칙을 먼저 깨닫는 사람이 시장 선두주자가 됩니다,"드디어 돈 버는 규칙, 방법이 바뀌었습니다. 이 바뀐 돈 버는 방법 덕분에 기존 기득권 세력이 아닐지라도 여러분도 돈을 벌 수 있습니다. 이 프로세스만 기억하세요. 여러분도 시장 선두주자가 될 수 있습니다!

#돈버는방법 #돈버는방법이바뀐다 #돈버는법",https://www.youtube.com/watch?v=nDHhUbnOCKQ,2024-03-21T09:00:36Z,PT14M55S,895,False
성공하는 사람들이 공통적으로 외치는 싸가지 없는 한 문장 (명언),"성공하기 위해 제 가슴 속에 품어둔 성공 명언 하나를 소개합니다. 이 문장 하나만 가슴 속에 넣어 놓더라도 여러분은 이제 흔들리지 않고 성공을 향해 나아갈 것입니다.

#성공 #성공하는문장 #성공명언",https://www.youtube.com/watch?v=HYSv-7OCCuk,2024-02-29T09:00:09Z,PT54S,54,True
"네이버 플레이스 어뷰징 해도 되는 거, 안 되는 거 따로 있다? (영수증 리뷰, 블로그 리뷰, 저장하기, 알림, 슬롯, 트래픽 작업, 플레이스 예약 총정리)","네이버 플레이스 어뷰징 전화 한번쯤 받아보셨죠? 심지어 몇몇 분들은 계약을 하기도 하셨을 겁니다. 그런데 이 네이버 지도 어뷰징 정말 괜찮을까요?

제가 실제 네이버 플레이스 어뷰징을 전문으로 하는 대행사와 카톡을 나눠봤습니다. 과연 그들은 어떤 생각을 가지고 있을까요?

#네이버플레이스어뷰징 #네이버지도어뷰징 #플레이스리뷰",https://www.youtube.com/watch?v=KpmfQZPrcs0,2024-02-14T09:00:14Z,PT8M42S,522,False
잠깐 쓰레기 같은 인간처럼 살고 돈 많이 버는 방법,"쓰레기 같은 인간 잠깐 되고 돈 많이 버는 게 나을까요? 늘 남들한테 맞춰가며 굽신대는 인생이 나을까요? 잠깐 쓰레기 되고 돈 많이 버세요. 그게 훨씬 인생이 윤택해집니다.

#돈버는방법 #돈많이버는법 #shorts",https://www.youtube.com/watch?v=Kqhx5IRnuao,2024-02-10T09:00:12Z,PT57S,57,True
돈을 빨리 벌려면 존나 하기 싫은 일을 하세요,"돈을 빨리 벌려면 내가 정말 너무나 존나 하기 싫은 일을 하는 것이 가장 빨리 버는 방법입니다. 왜냐구요? 이번 영상에서 확인해보시죠!

#돈빨리버는방법 #돈버는방법 #shorts",https://www.youtube.com/watch?v=vNm98_vxKCk,2024-02-05T09:00:43Z,PT59S,59,True
대충 쉽게 살아도 돈 벌 수 있다고 개소리하던 놈들의 최신 근황 (디지털 노마드 다 망했다),"대충 살아도, 쉽게 쉽게 살아도 돈 쉽게 벌 수 있다고 한 놈들 다 어디 갔을까요? 그렇게 특급 비밀이라던 사람들 어디 갔을까요?

#돈쉽게버는법 #돈버는방법 #shorts",https://www.youtube.com/watch?v=rBweuzibUNk,2023-12-18T09:00:37Z,PT59S,59,True
제발 겸손 떨지 마세요. 그러다 목 날아갑니다,"겸손이 정말 좋은 걸까요? 우리는 평생 고개 빳빳이 들고 다닐 수 없는 걸까요? 진짜 그게 정답일까요? 제 생각은 다릅니다. 겸손 떨면 돈 못 법니다. 그 이유를 이번 영상에서 확인해보시죠.

#겸손 #겸손해야하는이유 #shorts",https://www.youtube.com/watch?v=vQdMCYWqJA0,2023-12-05T09:00:39Z,PT47S,47,True
멍청한 사람들이 오히려 돈을 더 많이 버는 세상. 돈 벌고 싶다면 멍청해지세요,"돈을 벌고 싶으세요? 그럼 멍청해지세요. 요즘은 멍청해야 돈 버는 세상입니다. 이 사실을 제 주변 사람들에게 알려주면 깜짝 놀라곤 하는데 오늘은 이 진실을 우리 구독자님들에게 알려드릴까 합니다. 여러분도 멍청하게 살면서 돈을 버는 사람이 되길 바랍니다.

#돈버는법 #돈버는방법 #돈벼락",https://www.youtube.com/watch?v=-SDp7lHcajk,2023-12-01T09:00:00Z,PT8M31S,511,False
때려죽여도 플레이스 상위노출 안 되는 분들을 위한 단 1가지 방법. 네이버 플레이스 상위 업체 로직도 알려드립니다,"네이버 플레이스 상위노출 정말 더럽게 안 되시죠? 그 이유가 뭘까요? 네이버 플레이스 상위로직 하나를 빼먹었기 때문입니다. 그런데 이 네이버 지도 상위 로직을 안다하더라도 제대로 활용하는 사람은 극히 드뭅니다. 제가 이번 영상에서 확실히 알려드리겠습니다.

#플레이스상위노출 #플레이스마케팅 #네이버지도상위노출",https://www.youtube.com/watch?v=2h8Z7FXhYAI,2023-11-28T09:00:03Z,PT14M48S,888,False
게으르지만 똑똑한 사람들이 돈을 쓸어 담을 수 있는 이유,"나는 게으른데 돈을 많이 벌고 싶다고요? 가능합니다. 관점을 살짝만 바꾸면요. 대부분 몰랐겠지만 대부분의 부자들은 게으른 사람들입니다. 그걸 돈 버는 시스템으로 만들었을 뿐이죠. 그 방법을 알려드리겠습니다!

#부자 #게으름 #shorts",https://www.youtube.com/watch?v=LPj03Ydt36o,2023-10-24T09:00:14Z,PT54S,54,True
"우리가 노동에 집중할 때 부자될 사람들은 하루에 딱 5분, ‘이거’ 챙깁니다","지금 많은 사람들이 착각하고 있는 게 있습니다. 내 일만 잘하면 언젠가 부자 되겠지', '내 할 일만 잘하면 언젠가 큰돈을 만질 수 있겠지'라며 자신만의 착각 속에 빠져있죠. 과연 정말 내 노동에만 시간을 투자한다면 부자가 될 수 있을까요? 지금 부자들은 정말 업무에만 충실한 사람들일까요?

그 편견 제가 이번 영상으로 깨드리겠습니다. 우리는 지금 업무, 노동에 올인할 때가 아닙니다.

#부자 #자기계발 #대화법",https://www.youtube.com/watch?v=3BXrjVrkb2U,2023-10-10T09:00:05Z,PT10M37S,637,False
그렇게 책 읽어봤자 돈 못 벌어요. 독서 수익화 방법 제대로 배우세요,"독서법을 제대로 배우면 내 수익이 달라집니다. 독서법 제대로 배워보세요.

#독서법 #책읽는법 #shorts",https://www.youtube.com/watch?v=5kEk46xR0LM,2023-10-02T10:00:10Z,PT50S,50,True
부업이나 하고 있을 때가 아닙니다. 카드값에 허덕이게 되는 결정적인 이유,"지금 여러분은 부업이나 하고 있을 때가 아닙니다. 훨씬 더 큰 사람이 될 수도 있는 기회를 왜 스스로 망치고 계시나요. 부업 말고 이 영상에서 말씀드리는 것부터 신경 써보세요. 그럼 여러분의 인생이 달라질 겁니다.

#부업 #경제적자유 #shorts",https://www.youtube.com/watch?v=JZAmJ9CdHgk,2023-09-22T09:00:24Z,PT58S,58,True
돈 벌고 싶다면 끌어당김 법칙 하기 전에 싱크대에 있는 접시부터 해결하세요,"끌어당김 법칙, 잠재의식 백날 해봐야 아무 쓸모 없습니다. 여러분은 당장 이거부터 하셔야 성공에 조금이라도 가까워질 수 있습니다.

#경제적자유 #끌어당김의법칙 #shorts",https://www.youtube.com/watch?v=vJYPhy3F3H0,2023-09-13T09:00:39Z,PT59S,59,True
"저는 지금 당장 6천만 원을 돈 한 푼 안 쓰고 벌 수 있습니다. '이것' 덕분에요. [2배 도미노 효과, 유튜브 활용법, 유튜브 공부법]","저는 지금 당장 무일푼으로 어마무시한 돈을 벌 수 있습니다. 무자본 창업보다 훨씬 쉬운 방법으로 말이죠. 그 이유는 도미노 효과 덕분인데요, 그 노하우와 실제 사례를 알려드리겠습니다. 여러분도 꼭 이 방법으로 큰돈을 버시길 바랍니다.

#무자본창업 #원씽 #도미노효과",https://www.youtube.com/watch?v=T6rJdzI4NSY,2023-09-07T09:00:29Z,PT14M57S,897,False
네이버 순위 폭락? 7가지에 해당된다면 당장 말려주세요. (특히 플레이스),"네이버 순위 갑자기 하락되셨나요? 네이버 순위 하락은 이유 없이 일어나지 않습니다. 특히 플레이스는 더더욱 이유가 명확합니다. 이번 영상에서 확인해보시죠.

#플레이스순위 #플레이스순위하락 #shorts",https://www.youtube.com/watch?v=GTl9isMxgWk,2023-08-21T09:00:14Z,PT57S,57,True
"인생 시궁창 같은 사람들 주목, 1분안에 자존감 상승시켜 드림","인생이 시궁창처럼 느껴진다면 우선 자존감부터 상승 시켜야 합니다. 이번 영상 하나로 여러분의 자존감을 채워드리겠습니다

#자존감 #자존감높이는법 #shorts",https://www.youtube.com/watch?v=hn1AtgHYW0o,2023-08-14T09:00:25Z,PT59S,59,True
최초 공개합니다. 스마트 플레이스 상위노출의 3요소. 진짜 올릴까 말까 고민하다가 올리는 플레이스 마케팅 강의,"솔직히 이제 플레이스 마케팅 강의 안 올릴려고 했습니다. 그런데 영상에 나온 것처럼 플레이스 상위노출에 대해 잘못된 정보를 올리는 사람들이 상당히 많더라고요. 그래서 다시 시작합니다. 지금부터 유튜브 시장이 깨끗해질 때까지 부지런히 네이버 지도 상위노출, 전환율 상승 등의 영상 올릴 예정입니다. 기대하셔도 좋습니다.

#플레이스상위노출 #플레이스마케팅 #네이버지도",https://www.youtube.com/watch?v=ijLz-VQ-Sp4,2023-07-27T09:00:23Z,PT11M52S,712,False
여러분도 모르게 뇌를 망가뜨리고 있던 충격적인 습관,"여러분은 지금 여러분도 모르게 뇌를 망가뜨리고 있습니다. 그건 바로 다재다능한 사람들만 가능하다고 여기던 멀티태스킹 때문인데요, 과거에는 이게 유리했을진 몰라도 지금은 아닙니다. 그 이유를 저와 함께 알아보시죠

#멀티태스킹 #다재다능 #shorts",https://www.youtube.com/watch?v=0nFALCOo0GE,2023-07-26T09:00:01Z,PT58S,58,True
"""모르면 가난해 집니다"" 찐따도 돈 벌게 만드는 '이 능력' [메타인지 X단계이론]","제 구독자분들은 아시겠지만 저는 정말 불행했던 과거를 가지고 있었습니다. 그리고 과거 저의 상황과 비슷했던 분들이 요즘 메일을 많이 보내고 계신데요, 이분들에게 이 영상을 바칩니다. 여러분이 지금 불행하다 느낀다면, 힘들다고 느낀다면 딱 하나 능력만은 개발하셔야 합니다. 그게 바로 메타인지. 이 방법을 이번 영상에서 알려드리겠습니다.

#메타인지 #월1억 #자수성가",https://www.youtube.com/watch?v=gafuWZdgoII,2023-07-24T09:00:32Z,PT11M46S,706,False
뭘 해도 잘 되는 사람들의 공통점 7가지 (이것만 따라 하세요),"뭘 해도 잘하는 사람들은 이 7가지 특징을 분명히 가지고 있습니다. 사업을 하든, 월급을 받든 이 7가지만 충족한다면 여러분은 잘 나가는 사람이 될 겁니다.

#잘되는사람 #성공하는사람특징 #shorts",https://www.youtube.com/watch?v=OwwVfCPX-i4,2023-07-23T09:00:19Z,PT59S,59,True
네이버 지도 관리 ‘이것’부터 해보세요. 매출이 달라집니다,"네이버 플레이스 즉, 네이버 지도. 상위 노출되면 당연히 좋죠. 즉시 효과가 있으니까요. 그런데 저도 알고, 여러분도 알고, 모든 사람들이 알다시피 일반인들이 지도 관리 조금 한다고 하루 이틀 만에 상위 노출이 가능할까요?

지금 상위노출이 당장 어렵다면 이번 영상에서 말씀드린 것부터 신경쓰셔야 합니다. 그래야 돈을 법니다.",https://www.youtube.com/watch?v=kiPREXv46Qk,2023-07-22T09:00:25Z,PT56S,56,True
네이버 플레이스 순위 하락 이유? 딱 7가지 체크해 보세요,"네이버 플레이스 순위 갑자기 확 빠지셨죠? 원인을 알고 싶어 유튜브나 블로그를 찾아봤더니 이상한 말이나 하고 있죠? 제가 다 알고 있습니다. 저도 그런 영상들 짓밟으려고 이 영상 촬영하고 있는 거거든요.

네이버 플레이스 순위가 갑자기 빠지는 이유는 틀림없이 있습니다. 당연히 네이버 로직 변화로 인해 빠지는 경우도 있지만 이건 우리가 인위적으로 할 수 없는 부분이니 이번 영상에서는 시간 끌며 뻔한 얘기 하지 않겠습니다.

네이버 로직 외에 순위가 하락할 수 있는 7가지 이유를 말씀드릴 테니 만약 이 7가지 중 1개라도 포함되어 있다면 바로 조치해 주시길 바랍니다. 2개 이상 포함되어 있다? 여태까지 상위권에 머물러 있던 건 조상이 도운 거라 보셔도 됩니다. 그만큼 중요한 내용입니다.

#네이버플레이스순위 #네이버지도순위 #플레이스순위하락",https://www.youtube.com/watch?v=PVOwDZ1JRxk,2023-07-20T09:00:24Z,PT15M44S,944,False
상위 10%들이 시간 관리하는 방법,"시간관리 완벽하게 하는 방법 있습니다. 굳이 유튜브 영상, 책에 나오는 시간관리를 무리하면서 따라하지 않아도 효율적이게 할 수 있는 방법이 있습니다. 이번 영상에서 그 방법을 알려드리겠습니다.

#시간관리 #효율적인시간관리 #shorts",https://www.youtube.com/watch?v=DD8rG0D-X34,2023-07-19T09:00:15Z,PT58S,58,True
돈 걱정 즉시 돌파구 찾는 방법. 경기 불황에도 돈을 버는 사람들의 특징을 따라 해보세요,"돈 걱정 때문에 잠 못이루는 분들 상당히 많으시죠? 그리고 가끔 이런 생각도 해보셨을 겁니다. '왜 나는 이렇게 열심히 사는데 늘 돈이 부족한걸까?', '경기 불황이라는데 돈 버는 사람들은 대체 돈을 어떻게 버는 걸까?' 저도 한창 빚에 허덕이던 시절 이런 걱정 때문에 잠 못이뤘는데 이번 영상에서 말한 '본질'을 찾자 돌파구를 찾았습니다.

경제적 자유를 이루고 싶은 분들, 돈 걱정하고 싶지 않은 분들, 목돈을 만들고 싶은 분들은 이번 영상을 꼭 끝까지 시청해주세요. 이번 영상 하나로 돈 걱정 날려드리겠습니다.

#돈걱정 #경제적자유 #소비습관 관",https://www.youtube.com/watch?v=Ys3N0wDyTTI,2023-07-17T09:00:31Z,PT10M32S,632,False
네이버 지도 순위 상승 핵심은 3개입니다.,"네이버 지도(플레이스) 순위 상승 시키고 싶으시죠? 상위노출 시키고 싶으시죠? 그럼 딱 3가지만 신경 써보세요. 당장 내일 순위가 달라집니다.

#네이버지도순위 #플레이스상위노출 #shorts",https://www.youtube.com/watch?v=ra9jZKZnheQ,2023-07-13T09:00:27Z,PT56S,56,True
완벽주의를 정신병처럼 여기는 사회에서 살아남는 법 (강박관념),"완벽주의가 정말 정신병일까요? 우리 이제 대충 살아도 되는 걸까요? 왜 유튜브에 나오는 성공한 사람들은 완벽하게 살지 말라고 위로하는 걸까요?

#완벽주의 #강박관념 #shorts",https://www.youtube.com/watch?v=43DdaATdQqs,2023-06-29T09:00:03Z,PT58S,58,True
오피셜로 나온 블로그 상위노출 방법 (로직/알고리즘까지 싹 다 공개),"아시다시피 네이버 블로그 상위노출에는 정답이라는 게 없습니다. 그래서 이 허점을 노리는  어중이떠중이 강사들이 거의 미신과 같은 말로 블로그 강의를 하고 있고 이로 인해 피해자가 다수 생기고 있습니다.

이걸 정리하기 위해 네이버가 공식적으로 답변을 내놓기도 했는데 네이버가 이걸 어정쩡하게 말하거나 이걸 이상하게 해석하며 또 일반인들에게 반사기와도 같은 말을 퍼트리고 있는 강사들이 있습니다. 실상 상위 노출시켜본 경험은 본인 블로그밖에 없는 사람들인데 마치 블로그 전문가처럼 말하고 있는 거죠

솔직히 네이버 관계자가 직접 작성한 이 오피셜 내용만 잘 이해하고 하라는 건 하고, 하지 말라는 건 하지 않아도 블로그 상위노출 50%는 먹고 들어갑니다. 떠도는 소문보다 중요한 것이 오피셜 의견이며 오피셜 의견보다 중요한 것이 이걸 어떻게 해석하느냐입니다. 진짜 블로그 마케팅 전문가인 제가 이 문구 전부 해석까지 해드리겠습니다.

#블로그마케팅 #블로그상위노출 #블로그강의",https://www.youtube.com/watch?v=WjsWgvXN8ew,2023-06-26T09:00:16Z,PT17M29S,1049,False
늘 성공적인 선택하는 방법 (선택 장애 없애드림),"성공적인 선택하는 방법은 간단합니다. 성공한 사람들은 모두 성공적인 선택을 했으며 이 방법으로 성공했습니다. 선택 장애 있는 분들은 필수로 시청해주세요!

#의사결정 #선택장애 #shorts",https://www.youtube.com/watch?v=k8Xt1q-ZHMo,2023-06-23T09:00:29Z,PT47S,47,True
노출하세요. 쪽팔릴 정도로. 그래야 돈 법니다.,"이것저것 재지 말고 그냥 우선 노출 하세요. 노출해야 돈을 법니다.

#블로그 #유튜브 #shorts",https://www.youtube.com/watch?v=hjCT0WotPAM,2023-06-21T09:00:24Z,PT53S,53,True
벼락부자 있어도 없다고 믿어야 하는 이유,"벼락부자, 졸부는 세상에 없습니다. 있긴 있습니다. 하지만 우리는 없다고 믿어야 합니다. 그 이유를 이번 영상에서 알려드리겠습니다.

#벼락부자 #부자 #shorts",https://www.youtube.com/watch?v=DHU50mGyKIE,2023-06-19T02:00:03Z,PT57S,57,True
최소한의 생계를 위해 꼭 해야 하는 '이것',"여러분이 고지식하다고, 지루하다고 늘 말하는 '이것'. 이제 생존을 위해 꼭 해야만 하는 시대가 왔습니다. 뒤쳐지기 싫다면 이번 영상 통해 깨달음을 얻길 바랍니다.

#생계 #독서 #shorts",https://www.youtube.com/watch?v=pudj29BbOs0,2023-06-15T02:29:02Z,PT51S,51,True
"새벽기상의 폐해, 미라클 모닝을 가스라이팅 당하는 시대","미라클 모닝 정말 필요한 걸까요? 그놈의 새벽기상 정말 필요한 걸까요? 우리는 지금 미라클모닝 가스라이팅 당하고 있다해도 과언이 아닙니다. 미라클 모닝 하지 않아도 성공할 수 있습니다. 새벽 4시, 새벽 5시에 일어나지 않아도 돈 많이 벌 수 있습니다. 그 방법을 제가 알려드리겠습니다.

#새벽기상 #미라클모닝 #새벽4시",https://www.youtube.com/watch?v=1dspC3KHFPs,2023-06-12T09:00:02Z,PT9M56S,596,False
네이버 플레이스에서 사진이 중요한가요?,"네이버 플레이스 상위노출을 위해 사진 영역은 중요할까요? 이번 영상에서 진짜 중요한지와 플레이스 마케팅 시 사진에 대한 주의사항 3가지를 말씀드렸습니다.

#플레이스상위노출 #플레이스마케팅 #shorts",https://www.youtube.com/watch?v=haTEFEARha0,2023-06-11T09:00:32Z,PT54S,54,True
자기계발 영상 백날 봐도 여러분이 안 되는 이유,"저는 여러분이 자기계발 영상, 유튜버를 봐도 성장 못하는 이유를 정확히 알고 있습니다. 이번 영상에서 그 부분 꼬집어봤습니다.

#자기계발 #자기계발영상 #shorts",https://www.youtube.com/watch?v=dHIiypuU54M,2023-06-10T09:00:32Z,PT57S,57,True
블로그 vs 유튜브 어떤 걸 먼저 시작해야 할까?,"온라인 세계에서 가장 대표적인 채널하면 2개가 있죠? 블로그와 유튜브. 둘 중 어떤 채널 먼저 시작해야 할까요? 이번 영상에서 정확히 알려드리겠습니다!

#블로그마케팅 #유튜브마케팅 #shorts",https://www.youtube.com/watch?v=YqsuXYAIa6g,2023-06-08T09:00:24Z,PT51S,51,True
"지금 가난하다 느낀다면 이 영상이 해법이 될 겁니다 (부자, 자기계발 동기부여)","돈이 없다는 건 참 서러운 일이죠? 이 지긋지긋한 가난이라는 생활에서 벗어나고 싶은데 생각보다 벗어나지질 않아 지옥과 같은 삶을 살고 있을 수도 있습니다. 혹시 나는 왜 이렇게 가난한가?에 대해 생각해 본 적 있으신가요? 가난의 본질에 대해서요.

영화 기생충에서 나오는 걸어 올라가야 변기를 쓸 수 있던 집에서 살 때 저는 하루도 빠짐없이 고민해 봤습니다. 나는 대체 왜 가난할까? 하루하루 열심히 살고 있는데 왜 저렇게 해외여행을 다니는 사람들보다 더 많이 돈 걱정을 하며 살아가야 하나

이런 고민을 수도 없이 해봤는데 이 고민 끝에 나온 이유가 있습니다. 여러분도 이 이유를 깨닫고 이 이유를 기반으로 한 해결 방안을 찾으셔야 하는데요, 제가 몇 년 동안 고민한 걸 여러분은 단 몇 분 만에 얻어 가실 수 있습니다. 가난의 본질을 깨닫고 그 본질을 깨부수셔야 합니다. 그걸 지금 이 영상에서 제가 알려드리겠습니다.

#가난 #자기계발 #동기부여",https://www.youtube.com/watch?v=Ow1XlWCW5XU,2023-06-07T09:00:24Z,PT8M52S,532,False
책을 통째로 외울 수 있는 독서법,"책, 반복해서 읽을 필요 없습니다. 한 권을 여러번 읽을 필요도 없습니다. 이렇게만 읽는다면 한번만으로도 충분합니다.

#독서법 #책읽는법 #shorts",https://www.youtube.com/watch?v=be7RFCdkbTY,2023-06-06T09:00:30Z,PT55S,55,True
맛집 홍보 마케팅해도 효과 없는 가게 특징,"모든 음식점 분들이 맛집 키워드로 마케팅하면 떼돈을 벌 수 있을 거라 생각하는데요, 완전 잘못된 착각입니다. 예산 대비 매출이 상승하지 않을 수도 있거든요. 그 이유를 이번 영상에서 한번 찾아보시죠.

#맛집마케팅 #맛집홍보 #shorts",https://www.youtube.com/watch?v=_nMjDi-4hrY,2023-05-26T09:00:24Z,PT57S,57,True
고졸이라고 취업을 포기해? 인생을 포기해? 왜??,"고졸이라고 인생을 포기하고 싶다, 취업을 포기하고 싶다고 하는 분들의 이메일을 정말 많이 받습니다. 그들에게 제가 이 영상의 말을 꼭 하고 싶습니다.

#고졸 #고졸취업 #shorts",https://www.youtube.com/watch?v=wAWxkRgz0N4,2023-05-24T09:00:38Z,PT59S,59,True
"블로그 지수 올리는 3가지 비밀 버튼, 합법적 어뷰징 가능?","이번 영상 정말 어렵습니다. 아마 초보자분들은 이 블로그 지수 올리는 3가지 버튼에 대해 이해하지 못할 수도 있습니다. 하지만 이 3가지 버튼만 안다면 그 누구보다 블로그 상위노출에 유리해지니 이 영상을 반복 시청하면서라도 꼭 이해하고 적용해주시길 바랍니다.

#블로그지수 #블로그어뷰징 #블로그지수상승",https://www.youtube.com/watch?v=touskV4CqV4,2023-05-22T09:00:28Z,PT12M24S,744,False
플레이스 리뷰에 답변을 달면 상위노출이 잘 된다?,"가끔 유튜브나 플레이스 강의를 듣게 되면 대다수의 강사들이 플레이스 리뷰에 답변을 달면 상위노출이 잘 된다고 합니다. 과연 그 말이 사실일까요?

#플레이스상위노출 #플레이스리뷰 #shorts",https://www.youtube.com/watch?v=NhB34-PaGgM,2023-05-20T09:00:12Z,PT1M,60,True
요즘 유튜브 영상들이 개판인 이유,"저는 요즘 유튜브 시장을 굉장히 싫어합니다. 잘못된 정보가 많아서? 페이크 뉴스가 많아서? 아닙니다. 바로 이것 때문입니다.

#월천만원 #월천만원버는법 #shorts",https://www.youtube.com/watch?v=Zc9OuGHppvM,2023-05-18T09:00:17Z,PT58S,58,True
"잠재의식 확언해도 인생이 변하지 않는 분들은 꼭 보셔야 합니다. (긍정, 돈, 부, 부자 확언, 시각화, 끌어당김 법칙)","잠재의식 확언, 긍정 확언 백날 해도 인생이 변하질 않죠? 오히려 인생의 질이 더 떨어졌을 수도 있습니다. '이 시간에 잠이라도 더 잤었으면 덜 피곤했을 텐데...', '이 시간에 유튜브라도 봤으면 스트레스라도 풀었을 텐데...' 이런 생각을 하셨을 수도 있죠. 어떻게 이렇게 잘 아냐고요? 저도 그랬었거든요.

저는 잠재의식 확언을 아예 믿지 않고 오히려 부정했던 사람입니다. 잠재의식 확언, 긍정 확언을 수도 없이 했는데 인생이 전혀 바뀌질 않았거든요. 아무리 해도 인생이 변하질 않자 잠재 확언 자체를 미신이라고 생각했으며, 잠재 확언은 부자들이 성공한 후 성공담을 얘기할 때 있어 보이게 말하려고 하는 말이라고 확신까지 했었습니다.

근데 그게 아니더라고요. 제가 잠재확언을 백날 천날 해도 제 인생이 변하지 않았던 이유는 제가 잘못했기 때문이며, 유튜브에 나오는 내용을 그대로 했기 때문이며, 책에 나오는 내용 그대로 했기 때문에 실패한 것이란 걸 깨달았습니다.

잠재확언을 해도 인생이 변하질 않고 있으신가요? 그렇다면 100% 방향을 잘못 잡고 있는 겁니다. 제가 이번 영상에서 방향을 제대로 잡아드리겠습니다. 이 영상대로만 하시면 여러분의 꿈, 여러분이 꿈꾸는 그 기간 내에 100% 이뤄질 것입니다.

#잠재의식확언 #잠재의식 #긍정확언",https://www.youtube.com/watch?v=5ik-FR9hhfk,2023-05-16T09:00:04Z,PT10M56S,656,False
0원으로 시작해 빚 12억을 20대에 다 갚게 해준 무자본창업,"저는 20대에 12억 빚을 지고 인생을 시작했습니다. 창업의 실패, 사업의 실패로 누적된 금액이었죠. 그렇게 살던 중 하나의 플랫폼을 만나게 되는데요, 이 플랫폼을 만나고 제 인생이 바뀌게 됩니다. 12억 빚을 3년 안에 다 갚아버릴 수 있게 능력을 기른 것은 물론, 목돈까지 만들 수 있게 됐거든요. 여러분도 이 플랫폼을 하셔야 합니다. 이게 진짜 무자본 창업입니다.

#무자본창업 #빚갚는방법 #중고나라",https://www.youtube.com/watch?v=OUEO6hcXRnw,2023-05-12T09:00:20Z,PT13M45S,825,False
네이버 플레이스 상위노출을 하고 싶다면 가장 먼저 해야 하는 건 뭔가요?,"지역 기반 사업자라면 필수적으로 해야하는 플레이스 마케팅. 그중에서도 플레이스 상위노출에 신경을 쓰셔야 하는데요, 일부 분들은 아무 쓸모없는 곳에 돈과 시간을 투자하고 있습니다. 다 필요 없습니다. 이것만 신경쓰세요.

#플레이스상위노출 #플레이스마케팅 #shorts",https://www.youtube.com/watch?v=dfbzKmAHTqY,2023-05-11T22:00:15Z,PT44S,44,True
유명해지는 법의 기본은 퍼스널 브랜딩! 쉽게 돈 벌고 싶으면 3가지만 기억하세요,"솔직히 우리 한 번쯤 쉽게 일하는 것 같은데 돈 많이 버는 사람 보고 이런 생각 해봤잖아요. '쟤 돈 쉽게 버네?' 그런 분들의 특징이 뭘까요? 바로 유명하다는 것. 퍼스널 브랜딩이 됐다는 겁니다.

그래서 이번 영상을 준비했습니다. 스스로 퍼스널 브랜딩을 하는 방법! 셀프 마케팅 하는 방법, 유명해지는 방법을 알려드리기 위해서요! 이번 영상만 잘 이해하셔도 여러분은 3개월 안에 인플루언서가 되어 있을 겁니다.

#유명해지는법 #퍼스널브랜딩 #셀프마케팅",https://www.youtube.com/watch?v=V6xpBRWmkMk,2023-05-10T09:00:29Z,PT12M39S,759,False
경제적 자유를 얻고 싶다면 어떤 것부터 해야 할까요?,"누구나 경제적 자유를 꿈꿉니다. 하지만 누구나 경제적 자유의 원리를 알지 못합니다. 누구는 월 천만 원만 벌면 경제적 자유하고 누구는 투자를 해야 경제적으로부터 자유로워질 수 있다 하죠. 제가 정확히 방법을 알려드리겠습니다.

#경제적자유 #디지털노마드 #shorts",https://www.youtube.com/watch?v=9Ph0Fcphvco,2023-05-09T22:00:08Z,PT58S,58,True
"부자가 되기 위해 필요한 시간 단 '5초', 단 5초로 갓생 사는 법 (시간관리)","여러분 솔직히 돈 많이 벌고 싶죠? 최소한의 노력으로 최대한의 돈을 벌고 싶죠? 그 방법을 제가 알려드리겠습니다. 아시다시피 저는 돈에 대한 자기 계발에 대해 진심인 사람이며 여지껏 유튜브에서 성공의 습관을 들일 수 있는 미라클 웨이크업, 공간인식 습관법 등 자기계발 관련 콘텐츠도 다수 발행하고 있습니다. 당연히 이 자기계발 영상들은 모두 히트를 했고요.

그래서 이번에는 최소한의 노력으로 최대의 돈을 벌 수 있는 '5초의 법칙'에 대해 알려드리겠습니다. 하루에 많이 투자할 필요도 없습니다. 단 5초면 충분합니다. 단 5초로 어제와는 다른 오늘의 나, 오늘보다 성장한 내일의 나, 부자에 가까워지는 나를 만들어드리겠습니다.

#부자 #갓생 #갓생사는법",https://www.youtube.com/watch?v=-aMi_9Hd8gc,2023-05-08T09:00:00Z,PT8M31S,511,False
돈은 많이 벌고 싶은데 뭐부터 해야 할지 모르겠다면?,"돈은 많이 벌고 싶은데 뭐부터 해야 할지 모르시겠다고요? 의지는 앞서는데 부자가 되는 법을 모르겠다고요? 제가 짧게 정답만 말씀드리겠습니다. 이렇게만 한다면 여러분은 오늘 당장 성장합니다.

#부자되는법 #돈많이버는법 #shorts",https://www.youtube.com/watch?v=RMDF7PJ1uf0,2023-05-07T22:00:11Z,PT59S,59,True
"스타트업, 작은 회사가 살아남을 수 있는 유일한 마케팅 성공 전략 (다윗 전략)","작은 사업체, 작은 회사를 운영하고 있는 분들의 가장 큰 고민이 뭘까요? 누가 뭐래도 바로 마케팅일 겁니다. 아무리 좋은 아이템을 가진 스타트업 일지라도, 아무리 실력에 자신 있는 가게일지라도 마케팅이 되지 않으면 그 무엇도 되지 않으니까요.

그 고민 이번 영상에서 해결해드리겠습니다. 이번 영상에서 마케팅에 대한 고민, 모두 해결하게 되실 겁니다.

#작은회사 #스타트업 #스타트업마케팅",https://www.youtube.com/watch?v=qJuVb-1U__c,2023-05-05T09:00:37Z,PT12M42S,762,False
"챗GPT로 돈 버는 법, 수익화 알려주겠다고 하는 사람을 조심하세요.","혹시나 했는데 역시나 챗GPT가 부상하자마자 이걸로 돈을 벌 수 있다고 홍보하는 사람들이 나타났습니다. 심지어 지금 말도 안 되게 복사+붙여넣기만 해도 월 10만 원, 월 30만 원은 쉽게 벌 수 있다고 하는 영상들도 올라오고 있죠.

우리나라는 꼭 이러는 거 같아요 쿠팡 파트너스가 탄생했을 때도 개나 소나 쿠팡 파트너스로 돈 벌 수 있다고 홍보하고 돈 받고, 카카오뷰가 탄생했을 때도 개나 소나 카카오뷰로 돈 벌 수 있다 하고 홍보하고 돈 받고 이런 사기꾼들이 정말 많습니다.

챗GPT도 마찬가지입니다. 챗지피티로 돈을 벌 수 있는 사람은 정해져 있습니다. 그게 여러분이 될지 안 될지는 같이 확인해 보시죠.

#챗GPT #챗GPT수익화 #챗GPT돈버는방법",https://www.youtube.com/watch?v=WaVuxbZZB6s,2023-05-03T09:00:15Z,PT10M26S,626,False
"부자들도 감추고 안 알려주는 자산 10억 만드는 방법. 가장 현실적인 3가지 방법 (주식, 부동산, 투자 아님)","가장 빠르게 성공하는 법은 뭐가 있을까? 가장 빠르게 자산 10억 만드는 방법은 뭐가 있을까? 제가 20대 초반 때 한창 고민하던 내용 중 하나였습니다. 그러다 이 해결 방법을 엉뚱한 곳에서 찾았는데 그건 바로 수학이었습니다. 혹시 수학에 교집합 아시나요?

어떤 집합과 집합이 만났을 때 겹치는 부분을 교집합이라고 하는데 이 교집합 이론을 부자 되는 데에 써먹기로 합니다. 부자들, 자산 10억 이상을 가진 사람들의 교집합을 찾으면 그게 빠르게 돈을 벌 수 있는 지름길이라 생각했거든요.

그러다 그 방법을 찾았습니다. 모든 부자들, 자산 10억 이상 가진 사람들의 '교집합'을요. 그 교집합, 이번 영상에서 같이 확인해 보시죠.

#부자되는방법 #자산10억 #성공하는법",https://www.youtube.com/watch?v=8bBQ00ie0jQ,2023-05-01T09:00:04Z,PT8M34S,514,False
"블로그 제목 잘 만들고 싶다면서 카피라이팅을 배우는 바보 같은 사람들 (상위노출, 클릭률 높이는 제목은 따로 있습니다)","아니 왜, 그런 사람들 있잖아요. '블로그 제목 어떻게 짓나요?'라고 물어보거나 블로그 제목 짓는 방법 강의를 들으면 이렇게 답하는 사람들이 있습니다.

1. 블로그 제목은 사람들을 후킹 할 수 있는 제목으로 지어야 합니다.
2. 키워드는 제목 맨 앞에 둬야 상위노출이 가능합니다.

이렇게 말하는 사람들이 꼭 있거든요? 심지어 이런 걸 지식이랍시고 돈 받고 알려주고 있습니다. 저는 이런 사람들을 볼 때마다 그냥 웃어넘기곤 했는데 이런 지식을 배우고 블로그를 운영하시는 분들이 생각보다 많아 그냥 제 블로그 지식 일부를 무료로 풀겠습니다.

#블로그제목 #블로그상위노출 #블로그마케팅",https://www.youtube.com/watch?v=dBH2o53kNAY,2023-04-28T09:00:34Z,PT9M15S,555,False
꾸준함의 함정 : 왜 지속적인 노력이 오히려 성공을 막는가?,"대한민국 사람들, 꾸준함? 참 좋아합니다. 꾸준히 안 하면 인생 망할 것처럼 말하고 있고 꾸준히 안 하면 인생 루저가 될 것처럼 가스라이팅을 하고 있죠. 꾸준함? 물론 중요합니다. 하지만 제 생각은 다릅니다.

꾸준함은 분명 필요한 능력이지만 어느 정도 순간이 오면 이 꾸준함을 버려야 성공할 수 있습니다. 오히려 꾸준함이 계속되면 그건 독이 될 수 있거든요.

그래서 이번 영상에서는 꾸준함이 독이 되는 3가지 이유와 언제 꾸준함을 버려야 하는지, 버릴 때는 어떻게 해야 하는지를 말씀드리겠습니다. 저는 아시다시피 뻔한 얘기 하지 않습니다. 지금 바로 첫 번째 얘기를 할 건데 이 첫 번째 얘기조차 뻔하다? 영상 끄셔도 좋습니다. 그만큼 자신 있는 이야기를 해드리겠습니다.

#꾸준함 #꾸준함의힘 #자기계발",https://www.youtube.com/watch?v=WOewWMDd_l8,2023-04-10T09:15:03Z,PT10M25S,625,False
이것만 알면 초보 블로거도 2개월 만에 일방문자 1000명 만듭니다. 키워드 검색량은 블로그 상위노출과 상관 없습니다.,"제가 블로그 컨설팅이나 블로그 강의, 강연을 하게 되면 꼭 듣는 질문이 있습니다. '블로그 키워드 잡는 게 너무 어려워요' 맞습니다. 이번 영상에서는 블로그 운영하는 사람들이 가장 어려워하는 것 상위 노출시키기 위해, 방문자를 높이기 위해 꼭 알아야 하는 블로그 키워드 잡는 방법에 대해 알려드리겠습니다.

이번 영상에서는 키워드 검색량에 따라 키워드 잡으세요. 이딴 헛소문 퍼트리지 않을 겁니다. 이런 말 하는 블로그 강사 다 거르세요. 저는 뻔한 얘길 하지 않습니다.

초보 블로거들도 2달만에 일방문자 1000명 만드는 키워드 잡는 방법! 지금부터 제가 알려드리겠습니다.

#초보블로거 #블로그일방문자 #블로그키워드",https://www.youtube.com/watch?v=I7H7FlzoeDY,2023-04-06T09:15:01Z,PT15M3S,903,False
"자면서 돈 버는 패시브인컴은 무료 전자책, 무료 PDF에서부터 시작해야 합니다. 전자책 쓰는 방법 몰라도 월 3천만 원 버는 원리","자는 동안에도 돈이 벌린다는 것은 어떤 걸 의미할까요? 유명 투자자 말만 따나 투자를 통해 돈이 돈을 버는 것을 의미할 수도 있지만 돈이 돈을 버는 것은 투자할 재력이 있는 자산가에게만 해당되는 말입니다. 그런 경험, 생각보다 쉽게 할 수 없습니다. 우리도 할 수 있을지언정 소액만 벌 수 있는 게 현실이죠.

그렇다면 우리 같이 평범한 사람들에게 자면서 돈이 들어온다는 것은 어떤 의미일까요? 제 생각은 이겁니다. '내가 자는 동안에도 내 가치가 널리 퍼지는 것'

이 가치라는 것은 나를 의미할 수도 있고 내가 판매하는 상품을 의미할 수도 있고 내가 제공하는 서비스일 수도 있습니다. 뭐가 됐든 이 가치가 널리 퍼지면 퍼질수록, 니즈 고객, 잠재 고객에게 많이 퍼지면 퍼질수록 내가 자는 동안에도 돈을 벌 수가 있습니다.

이 과정을 무료 전자책, 무료 PDF 단 하나로 가능합니다. 원리만 깨달으면 일반인들도 쉽게 할 수 있습니다. 그 방법을 제가 알려드리겠습니다!

#자면서돈버는방법 #무료전자책 #무료PDF",https://www.youtube.com/watch?v=krZxkd3Gx00,2023-04-03T09:15:02Z,PT13M16S,796,False
블로그 만들기! 초보자들이 글쓰기 전에 알아야 할 세팅! (사이트 이용 안 해도 충분합니다),"블로그 만들 때 가장 중요한 것은 뭘까요? 디자인? 카테고리? 솔직히 다 필요 없습니다. 돈이 되는 블로그를 만드는 데 초점을 두셔야 합니다. 카테고리 정리 아무리 이쁘게 해도 홈페이지형 블로그 스킨 디자인 아무리 이쁘게 해도 돈이 되는 세팅을 한 블로그를 이길 수가 없습니다.

그래서 이번 영상에서는 뜬구름 잡는 블로그 만들기 팁이 아닌 사이트 이용하지 않아도 일반인들이 할 수 있는 블로그 제작에 대해 말씀드렸습니다. 이 영상보고 블로그 글쓰기하셔도 늦지 않습니다. 이것만 기억해주세요.

#블로그만들기 #블로그글쓰기 #블로그세팅",https://www.youtube.com/watch?v=GY2jsfPZNoY,2023-03-30T09:15:00Z,PT10M32S,632,False
상위 10%의 삶을 살고 있는 부자들만 알고 있는 부의 비밀 (순자산 10억 이하는 꼭 보셔야 합니다),"상위 10% 부자는 어떻게 되는 걸까요? 저는 가난한 20대였을 때 이런 고민을 수도 없이 했습니다. '왜 똑같이 태어났고 똑같은 사람인데 누구는 부유하고 누구는 가난할까?', '저들이 스테이크를 먹는 동안 왜 나는 그들이 먹는 스테이크를 나르고 있어야 하는 걸까?' 이런 고민을 정말 수도 없이 했습니다. 그렇게 수년이 지나 자본과 부에 대한 책을 50권쯤 읽게 됐을 때 깨달았습니다. 부자들의 공통점을 말이죠.

이걸 깨닫느냐 못 깨닫느냐의 차이가 가난하냐? 부를 이루느냐의 차이를 만들었고 이걸 깨닫는 순간 제가 지금 당장 뭘 해야 하는지, 1년 뒤에는 뭘 해야 하는지, 10년 뒤에는 뭘 해야 하는지를 깨닫게 됐습니다.

덕분에 저는 지금 월 수익 1억 이상을 벌고 있고 매월 천만 원 이상의 비용을 지식 쌓는데 사용하고 있으며 매월 500~1500만 원 정도를 기부하고 있습니다. 어차피 저는 '이걸' 갖췄으니 돈이 들어올 수밖에 없었거든요.

여러분도 이걸 아셨으면 좋겠습니다. 결국 부자들은 ㅅㅅ머신이라는 것을 깨달아야만 내가 지금 뭘 해야 할지, 앞으로 어떤 걸 준비해야 할지가 보입니다. 결국 부자들은 하나의 공통점밖에 없습니다.

#상위10% #부의비밀 #순자산",https://www.youtube.com/watch?v=33oTy6Hebtk,2023-03-27T09:15:00Z,PT7M35S,455,False
"너네가 세상 탓, 남 탓할 때 성공한 사람들은 '이거' 했다. 쓴소리 좀 하겠습니다. - 2030세대 불만 3편","너네들이 세상 탓하고 남 탓할 때 나는 어떤 걸 이뤘을까? 불평만 하는 2030세대들이 내 곁에서 찡찡거릴 때 나는 어떻게 극복했을까? 과연 이 작은 차이가 지금 우리 마인드의 차이를 얼마나 벌려놨을까? 제가 이번 2030세대 불만 시리즈를 준비하며 깊게 고민했던 부분입니다. 그리고 이런 고민을 통해 저도 모르는 제가 더 성공할 수 없던 마인드, 치부를 발견하기도 한 감사한 시간이었죠.

그래서 저는 이번 2030세대 불만 3편 영상을 통해 불평만 하는 MZ 세대들과 저는 마인드 자체가 다르다는 것을 알려드리고 제 치부 공개와 함께 이걸 극복하는 방법, 치킨 이벤트까지 진행해 볼까 합니다. 그리고 제가 이런 말을 할 수 있는 자격 있는 사람인지 공개하는 순간까지 전부 넣어놨으니 다른 사람들보다 성공하고 싶은 분들 그리고 제 말이라면 우선 거부부터 하는 사람들은 꼭 이번 영상 끝까지 시청해 주시길 바랍니다. 여러분이 어떤 사람이던 이 영상을 끝까지 보게 되면 제 팬이 될 겁니다.

#세상탓 #남탓 #쓴소리",https://www.youtube.com/watch?v=EsAoad14Kb0,2023-02-23T09:15:00Z,PT10M17S,617,False
"당장 유튜브 때려 치고 네이버 블로그를 해야 하는 사람들의 특징 3가지 (수익, 초보, 시작)","여러분, 유튜브로 돈을 벌기 위해서는 몇 가지 조건이 맞아야 하고 아예 유튜브를 시작하면 안 되는 분들이 있기도 합니다. 이런 걸 모르고 '누가 유튜브 하니 좋다고 하더라', '누구는 유튜브로 떼돈 벌었다고 하더라'만 듣고 무작정 유튜브에 올인하셨다가 망하는 거죠. 시간과 돈, 전부 날리는 겁니다.

이번 영상에서는 유튜브를 하면 망할 분들 세 부류만 말씀드리겠습니다. 이분들은 유튜브 하시면 안 됩니다. 100이면 100 전부 결국 포기하고 다른 채널을 하시게 됩니다. 적게는 몇 십만 원 많게는 몇 천만 원을 날릴 수도 있습니다.

'유튜브가 대세라는 데 유튜브 포기하면 뭘 해야 되나요?'

이 질문하실 거죠? 바로 네이버 블로그입니다. 왜 이런 분들은 네이버 블로그를 시작해야 하는지, 네이버 블로그를 해야하는 이유가 뭔지도 설명드렸으니 꼭 영상 끝까지 시청하시고 나에게 적합하다 싶으면 네이버 블로그를 시작해 주세요.

#유튜브수익 #블로그수익 #블로그초보",https://www.youtube.com/watch?v=czLkw-5yfaM,2023-02-20T09:15:01Z,PT13M37S,817,False
"욜로 외치며 세상 탓만 하던 당신 vs 10년 동안 어떻게든 해내려고 한 나, 누가 이겼을까? - 2030세대 불만 2편","왜 지금 2030세대들은 돈이 없을까요? 당연히 돈이 없어야 정상이죠. 지금 사회생활을 시작했는데 무슨 돈이 있어요. 그렇다면 질문을 바꿔서 지금 욜로 외치던 2030세대들이 나중에 돈이 많아질 확률은 얼마나 될까요? 저는 장담컨대 상위 20%를 제외한 모든 2030세대들은 전부 돈 때문에 아쉬운 소리를 할 거라고 자신합니다.

이번 영상에서는 이런 2030세대들을 꼬집는 영상, 정신차리게 하는 영상입니다. 여러분은 저 같은 사람보다 나은 사람입니다. 단지 부정적인 프레임이 씌워져있을 뿐이에요. 제발 욕심부리고 성공하세요.

#욜로 #세상탓 #경제적자유",https://www.youtube.com/watch?v=_BViQYzP7yI,2023-02-16T09:15:00Z,PT8M1S,481,False
"퇴근 후 부업 하라고 하는 사람들이 절대 알려주지 않는 수익형 블로그 부업의 비밀 (초보, 직장인 가능하지 않습니다)","어떻게 퇴근 후 부업 하면, 몇 시간만 일하면 월급만큼 돈을 벌 수 있다고 하는 걸까요? 그럼 모든 사람이 했을 텐데 왜 진짜 돈을 벌 줄 아는 사람들은 그걸 안 하고 있는 걸까요? 저는 다른 영상에서도 말씀드렸지만 그 누구보다 부업을 많이 한 사람입니다. 말씀드린 부업만 하더라도 21개나 되죠. 먹고살기 위해 부업을 하기도 했고 진짜 이 부업이 돈이 되는지 테스트를 하기 위해 하기도 했었습니다.

그런데 퇴근 후 부업을 알려주는 사람들이 까맣게 속이면서 말하고 있는 게 있더라고요. 그걸 모르기 때문에 일반인 분들은 손해를 보는 거고 시야가 좁아져 그것밖에 하지 못하는 겁니다.

이런 것들을 여러분께 알려드리고자 제 예전 직장 상사를 모셨습니다. 이 분 같은 경우에도 퇴근 후 부업으로 시야가 좁아진 상태에서 저한테 도움을 요청하셨고 제가 컨설팅을 해드리며 새로운 인생을 찾게 됐습니다.

지금 부업을 하고 계신 분들, 찾고 계신 분들도 이번 영상 내용만 잘 깨닫는다면 지금 여러분이 생각하고 계신 수익의 최소 2배는 더 버실 수 있을 겁니다. 퇴근 후 부업, 그 속에 담긴 진실을 아셔야 합니다.

#퇴근후부업 #블로그부업 #직장인부업",https://www.youtube.com/watch?v=VfipCZkMKQo,2023-02-13T09:15:01Z,PT8M,480,False
"불만 많은 2030, 안 되는 이유만 찾는 MZ세대들 (특징, 반박, Q&a 모음, 수익 공개) - 2030세대 불만 1편","2030세대가 부자 못되면 병신입니다. 이 영상이 정말 엄청난 파장을 일으켰죠? 거기에 달린 악플 대부분을 보면 큰 숲을 보지 않고 나무만 보며 불만만 쏟아붓는 2030세대가 정말 많았습니다. 심지어 안 되는 이유만 찾는, 그것도 논리적인 이유만 대는 모습이 상당히 안타까웠죠.

그래서 이번 영상을 준비했습니다. 이 영상 중 가장 많이 달린 댓글을 순서대로 제 생각을 말씀드려보겠습니다. 만약 이 영상을 보고도 부자가 되고 싶지 않다? 포기 하십쇼. 저는 더 이상 설득 할 자신이 없습니다.

2030세대 불만편은 총 3편입니다.

#안되는이유 #MZ세대 #mz세대특징",https://www.youtube.com/watch?v=xduUX-zds3w,2023-02-09T09:15:02Z,PT14M35S,875,False
"하루 30분만 네이버 블로그에 투자해도 이만큼은 법니다. (상상도 못할 블로그 수익 공개, 초보자 가능)","솔직히 누구나 적게 일하고 많이 벌고 싶잖아요? 그러다 갑자기 궁금해졌습니다. 하루 30분만 일하면 대체 얼마나 벌까? 1년 동안 하루 30분만 일하는 거, 뭐 10년 동안 하루 30분 일하는 거 이런 건 의미 없고 딱 2달만 하루 30분만 블로그하면 수익이 얼마나 늘어날까? 갑자기 궁금해지는 겁니다.

그래서 테스트를 해보기로 했습니다. 어떤 테스트냐? 진짜 제 말대로 할 사람들 저 포함 12명을 모아 2달 동안 제가 하라는 것만, 딱 30분씩만 해보는 걸로요. 제 컨설팅 회원님들, 지인들 중에 가장 성실한 분들 기준으로 선정했습니다. 그 결과 이번 영상에서 확인해 보시죠.

#하루30분 #블로그수익 #블로그돈버는방법",https://www.youtube.com/watch?v=ozlyrwfMe50,2023-01-30T09:15:03Z,PT13M26S,806,False
허세 부리세요. SNS에 올리세요. 그러면서 돈도 버세요. (허세 인플레이션),"오늘은 허세와 SNS에 대해 말해보겠습니다. 그리고 욕을 먹지 않으면서 허세 SNS를 운영하는 방법도 알려드리죠.

틀림없이 악플러들이나 움찔한 사람들은 이 영상 썸네일이나 제목을 보고 발끈해서 '이 새끼 또 나 뼈 때리려고 한다 빼애애액', '지도 허세 SNS하면서 우리 보고 뭐라 할 건가 보다 빼애액' 이런 댓글을 달려고 준비 중일 텐데 아니야. 얘들아 진정해. 이번 영상 그런 거 아니야. 알았지? 뼈 안 때릴게.

#허세sns #허세 #허세인플레이션",https://www.youtube.com/watch?v=XFfN5CZvROg,2023-01-26T09:15:01Z,PT5M24S,324,False
"누구나 가능한 SNS로 돈버는 법. 그것도 떼돈 번다 (직장인, 학생, 사업자, 프리랜서 모두 가능/부업 아님)","요즘 SNS로 돈 버는 방법이라고 해서 많은 사람들이 알려주고 있죠? 그런데 그들이 말하는 방법들의 함정이 뭔지 아시나요? 그 방법들로 부자가 된 사람은 단 한 명도 없다는 겁니다.

SNS로 돈 벌 수 있다고 가르치는 사람들은 한탕치고 빠지려는 사람들이 대부분이고 그들을 따라 한 사람들 중 꾸준히 많은 돈을 벌고 있다고 하는 분들은 지금까지 단 한 명도 만나보지 못했죠.

이번 영상에는 여태까지 만나지 못했던 sns로 돈버는법을 배우시게 될 겁니다. 누구나 할 수 있고 직장인, 학생, 사업가, 주부 누구든지 할 수 있습니다. 신세계를 보고 싶은 분들만 영상을 시청해 주세요.

#sns로돈버는법 #떼돈 #부자되는법",https://www.youtube.com/watch?v=AyV6GRKlc8Y,2023-01-23T09:15:00Z,PT11M28S,688,False
"가장 빠르게 부자가 되는 방법 (독서 아님, 자기계발 아님, 부의 추월차선 아님)","가장 빠르게 부자가 되는 방법은 뭘까요? 코인, 로또, 재벌집 자식으로 태어나는 게 당연히 가장 빠르게 부자가 될 수 있는 방법이지만 그거 말고 우리 현실적으로 부자가 될 수 있는 방법을 생각해 보자고요.

이 방법만 깨닫는다면 우리는 그 누구보다 빠르게 부자가 될 수 있고 돈버는 방법을 빠르게 습득해 돈 버는 속도를 증가시킬 수도 있습니다. 그 방법, 이번 영상에서 확인해 보시죠

#가장빠르게부자 #부자되는법 #돈버는방법",https://www.youtube.com/watch?v=zvrVAp1nHcA,2023-01-19T09:15:05Z,PT9M24S,564,False
부자 될 사람들한테 공통적으로 일어나는 1가지 징조,"여러분 부자가 되기 위해선 뭐가 중요할까요? 저는 무엇보다 '기회를 잡는 행위'가 굉장히 중요하다고 생각합니다. 저는 나름대로 이 기회를 잘 잡았기 때문에 21개 지분 사업을 하고 있고 수익도 상당히 많이 나고 있죠.

제가 지금 여러분께 확실하게 말할 수 있는 건 여러분한테도 이미 큰돈을 벌 수 있는 기회가 몇 번 왔었습니다. 하지만 그걸 알아차리지 못했기 때문에 그 기회를 잡지 못한 것뿐입니다. 운이 일반 사람보다 100배 좋으면 뭐 하나요 그 운이 운인지 모르는 사람들이 대부분입니다.

비가 오기 전에 비가 올 징조를 알게 되면 미리 우산을 챙길 수 있겠죠? 다른 사람보다 한발 더 앞서 나갈 수 있는 겁니다. 그래서 이번 영상에서는 모든 부자들이 기회가 생기려고 할 때 생기는 징조, 더도 말고 덜도 말고 1가지만 말씀드릴까 합니다. 만약 내가 어떤 일을 하거나 큰 결정을 해야 하는데 이 징조가 생기고 있다? 그건 기회라고 생각하셔도 됩니다.

#부자징조 #부자 #부자되는법",https://www.youtube.com/watch?v=zvVF7GqwHB0,2023-01-16T09:15:02Z,PT4M54S,294,False
"돈 없고 빽 없는 사람도 이렇게만 하면 월 1억, 부자 될 수 있습니다.ㅣ부자되는 방법,부자의 삶,부자 확언,자기계발강의,자기계발 유튜버","여러분, 제 유튜브를 보기 전에 저 본 적 있으세요? 아니 최준호라는 이름 들어본 적은 있으세요? 없으시죠? 맞습니다. 저는 돈도 없고 빽도 없었습니다. 평범한 집안 아니 오히려 평범한 사람보다 더 가난한 집안에서 평범한 사람들과 어울리며 살았죠.

저는 돈을 벌고 싶었습니다. 그것도 아주 많이 벌고 싶었습니다. 그래서 책도 천 권 넘게 읽었고 강의, 강연은 물론 성공한 사람들을 따라다니며 그 비법을 알려달라고 하기도 했죠. 오늘은 이 얘기를 해볼까 합니다.

#돈없고빽없는 #부자되는법 #월1억",https://www.youtube.com/watch?v=72sEbBiVOMo,2023-01-12T09:15:00Z,PT9M48S,588,False
"부자들이 집청소에 돈과 시간을 투자하는 이유 (방정리, 청소력)","저번 영상에서는 제가 직접 겪은 집청소의 힘에 대해 알아봤습니다. 이번 영상에서는 고작 21개 사업밖에 하지 않는 핫바지 저의 말이 아닌 진짜 제 주변에 있는 부자분들이 말하는 방청소의 힘에 대해서 말씀드리겠습니다.

이분들은 직원 4명 가지고 연 매출 100억을 찍는 전설적인 분, 압구정에 큰 병원을 운영하면서 80억짜리 건물을 가지고 있는 분, 티비 틀면 나오는 전문직인 분 등 누가 봐도 성공했다 하는 분들입니다.

이런 분들과 같은 총 13명의 다양한 이야기를 듣고 이 중 임팩트 있는 거, 공통적으로 한 말 위주로 알려드리겠습니다.

#집청소 #방정리 #방청소",https://www.youtube.com/watch?v=RNTMZLlmQCM,2023-01-09T09:15:00Z,PT8M52S,532,False
"부자가 되고 싶었던 12억 빚쟁이가 집정리부터 하기로 한 이유 5가지 (방청소, 청소력)","저는 12억 빚이 있었습니다. 그 누구보다 가난했죠. 그러다 제 독서법 영상에서 말한 것처럼 책이 인생을 바꿀 수 있다고 해서 자기계발 책을 정말 닥치는 대로 읽었습니다. 그런데 자기계발서마다 꼭 하는 말이 있더라고요.

‘방청소를 해라. 인생이 달라질 것이다’ ‘집정리를 해라. 내 삶에 변화가 있을 것이다’ 등과 같이 청소, 정리에 대한 이야기를 정말 많이 하더라고요. 그 당시만 하더라도 저는 별 감흥 없었습니다. 방청소랑 성공이랑 무슨 상관이 있는지도 모르겠고 아인슈타인은 그 누구보다 책상이 더럽다고 하던데 전 세계인이 아는 유명한 사람이 됐으니까요.

그러다 제 생각이 틀렸다는 것을 깨닫고 집청소와 돈 버는 것이 어떤 관련이 있는지 알게 됐습니다. 이번 영상에서 그걸 알려드리겠습니다.

#집정리 #방청소 #방정리",https://www.youtube.com/watch?v=UVKbIKskOt8,2023-01-05T09:15:00Z,PT8M1S,481,False
쉽게 돈 벌면 욕먹는 미친 세상,"여러분 피땀 흘려서 돈 벌려고 하지 마세요. 열심히 일해서 번 돈만이 진짜 돈이라고 생각하면 안 됩니다. 이 영상은 돈을 벌고 있는 분들, 돈을 벌 예정인 분들이 봐주셨으면 좋겠고 특히 그중에서도 열심히 일해야 돈을 벌 수 있다고 생각하는 2030세대 분들은 이번 영상을 꼭 끝까지 보셔야 합니다.

도움도 안 되는 그 고정관념, 이번 영상에서 깨부숴질 수도 있는 이야기입니다. 정말 많은 사람들이 잘못된 돈 버는 지식으로 돈을 법니다. 그리고 돌이킬 수 없는 노예의 삶이 시작되죠. 그러니 이 전에 제 얘기를 먼저 한번 들어보세요. 쉽게 돈 버는 방법을 알려드리겠습니다.

#쉽게돈버는방법 #쉽게돈벌기 #돈버는방법",https://www.youtube.com/watch?v=iIwVdAQ3tug,2022-12-19T09:15:01Z,PT4M32S,272,False
평범한 사람이 부자가 못 되는 이유. 평범하게 살고 싶다면 클릭하지 마세요.,"여러분은 평범하게 살고 싶으세요? 아니면 그 누구보다 부자인 사람이 되고 싶으세요? 당연히 그 누구보다 부자인 사람이 되고 싶을 겁니다. 그런데 왜 '이걸' 안 하세요? 제가 생각하기에 부자가 되는 사람과 부자가 되지 못하는 사람의 차이는 오늘 알려드릴 딱 하나의 문장 차이라고 봅니다.

이걸 모르는 사람들도 수없이 많지만 이걸 잘못 활용하고 있는 사람도 수없이 많기 때문에 부자가 되지 못하고 있습니다.

저도 이걸 제대로 알기 전까지는 평범한 사람이었습니다. 하지만 지금은 하고 싶은 일만 하고, 일 하고 싶은 장소에서만 일을 하고 있으며 해외여행을 가고 싶으면 가격 상관없이 1주일 전에 예약하며 갑자기 떠나곤 합니다.

저도 만약 오늘 알려드릴 '이것'이 없었다면 부자가 되고 싶다는 상상만 하며 다른 사람과 별다를 것 없는 일반적인 사람으로 살았을 겁니다. 혹은 유튜브 영상이나 다른 사람들의 이야기를 들으며 잘못된 '이걸' 가질 수도 있었겠죠.

제가 이번 영상에서 제대로 알려드리겠습니다. 이걸 어떻게 해야 효율적으로 할 수 있는지 평범한 사람이었는데 부자가 된 사람들은 이걸 어떻게 활용하고 있는지 전부 알려드릴 테니 이번 영상 끝까지 시청해 주세요.

#평범한사람이부자 #경제적자유 #자기계발",https://www.youtube.com/watch?v=RAvOiL4Limc,2022-12-12T09:15:00Z,PT7M13S,433,False
네이버 플레이스 등록할 때 이것만 신경쓰면서 하세요. 1위 그냥 꽂아집니다. (총정리 2편),"영상 시작 전에 주의사항부터 말씀드리겠습니다. 지금 보고 계신 영상의 제목은 어그로가 아닙니다. 단 한 단어의 거짓도 없는 진실이며 이번 영상에서 전부 알려드릴 예정입니다. 심지어 플레이스 총정리 1편에서 말했듯이 2억을 뱉어내고 배운 플레이스 로직을 전부 알려드릴 영상이기에 내용이 길 수도 있습니다.

내용이 긴만큼 상위 1% 온라인 마케팅 대행사에서 직접 쓰이는 정보를 제공할 예정인데, 만약 이 영상을 끝까지 보는 노력조차 하지 않는다? 그럼 안타깝지만 플레이스로 돈 벌 생각은 안 하시는 게 좋습니다. 짧게는 수개월, 길게는 몇 년간 고민했던 플레이스 정보를 길어봐야 1시간 이내 해결할 수 있는데 이 정도의 노력조차 하지 않는 분들은 절대로 평생 플레이스로 효과를 볼 수 없거든요.

영상 후반에는 이 영상의 요점정리를 볼 수 있는 방법도 알려드리겠습니다. 이 영상보고 요점정리 보고 다시한번 이 영상을 본다면 최소 네이버 플레이스 관련해서는 상위 10% 이상의 지식을 갖고 있다고 자부하셔도 됩니다. 어중이 떠중이 강사들 사이에서 직접 강의를 하셔도 됩니다. 그만큼 상당히 퀄리티가 있는 영상입니다.

#네이버플레이스등록 #네이버플레이스1위 #플레이스마케팅",https://www.youtube.com/watch?v=pLuhhf1JjYw,2022-11-21T02:00:13Z,PT16M48S,1008,False
잠을 잘 때도 돈이 들어와야 한다? 너도 지금 당장 할 수 있어,"왜 그런 말이 있잖아요? '내가 자는 순간에도 돈이 들어와야 한다', '24시간 내내 돈이 일하게 해야 한다' 등등 내가 일하고 있지 않는 그 순간에도 수익이 나야 된다는 말이 여럿 있습니다. 그래서 그런지 많은 분들이 무리해서 주식, 부동산, 펀드 등을 하며 24시간 돈을 벌려고 하는데 저는 이런 짓이 참 멍청하다고 생각합니다.

굳이 이렇게 무리를 해서 자본을 끌어당기지 않아도 생각을 조금만 바꾸면 무자본으로 24시간 돈 버는 시스템을 구축할 수 있거든요. 관점을 조금만 달리하면 여러분도 지금 당장 24시간 내내 돈 버는 시스템을 구축할 수 있습니다.

그 방법을 이번 영상에서 알려드리겠습니다. ﻿이 영상만 다 읽고 이해하더라도 여러분은 550만 원 돈을 벌어가는 겁니다. 그만큼 똑똑하신 거고요. 대부분은 이해하지 못하고 실천도 하지 않을 거라 장담합니다.

#잠을잘때도돈이들어와야한다 #자면서돈버는법 #돈버는방법",https://www.youtube.com/watch?v=lM-eg0qiPOU,2022-11-07T02:00:11Z,PT6M42S,402,False
"부자가 되는 단 하나의 동기부여. 명상, 마인드셋 다 필요없어. 이거 하나면 충분해 (뜨거운 물 동기부여)","이번 영상에서는 제가 힘들 때마다 뭔가 동기가 필요할 때마다 쓰는 '뜨거운 물 동기부여'를 알려드릴까 합니다. 이 뜨거운 물 동기부여는 그 어떤 동기부여보다 직관적이고 자극적이며 제가 2달 동안 본 140여 개의 동기부여 영상들보다 훨씬 더 많은 동기부여를 줄 수 있다 자신합니다.

이 동기부여 하나면 마음대로 여행을 가도 되고, 마음대로 명품 가방 사도 됩니다. 그래도 여러분은 성장할 것이고 부자가 될 수 밖에 없는 마인드셋을 갖춘 사람으로 만들어 줄 겁니다. 이 이유 또한 영상 후반부에 말씀드렸으니 꼭 영상 끝까지 시청하셔서 이 이유까지 알아보시길 바랍니다.

#동기부여 #동기부여영상 #동기부여부자",https://www.youtube.com/watch?v=hVRi8O2DR0k,2022-10-31T09:00:23Z,PT8M3S,483,False
20대 부자되는법? 그딴 거 없어. 제발 정신 차려,"20대에 성공하고 싶다고요? 그딴 거 없습니다. 정신 차리세요. 저는 솔직한 말로 20대에 부자가 되고 싶다. 20대에 성공하고 싶다 하는 사람들에게 한 마디 해주고 싶습니다. '너는 참 멍청하구나' 라고요.

왜냐? 제가 20대에 이런 생각을 했기 때문에 수 십 개의 사업이 망했으며 수십 억의 빚을 진 이력이 있는 사람이기 때문입니다. 한마디로 멍청하다고 뭐라 하는 건 과거의 저에게 하는 말이나 다름없죠. 20대에 성공하려고 하지 않았다면 지금 더 큰 돈을 벌고 있었을 텐데요.

이번 영상은 20대에게는 큰 깨달음과 뼈 맞음을, 그 외 분들에게는 20대 들이 어떻게 생각하고 있고 나는 앞으로 어떻게 그들을 대할지, 이걸 이용해서 나는 앞으로 어떻게 돈을 벌 것인지를 깨닫게 되실 겁니다.

심지어 영상 후반에는 월 천 만원 벌고 싶은 것이 얼마나 바보 같은 짓인지도 알려드릴 테니 꼭 영상 끝까지 시청해 주세요.

#20대부자되는법 #20대부자 #20대재테크",https://www.youtube.com/watch?v=t1BJXAn4Q10,2022-10-19T05:30:47Z,PT7M20S,440,False
가난 탈출을 위해 저와 같이 정신병 치료할 분을 찾습니다.,"저는 대한민국 사람들 중 대부분은 정신병을 앓고 있다고 생각합니다. 최소 70% 이상은 이 정신병에 걸려 돈을 못 벌고 있다 자신합니다. 이 정신병을 가지고 있기 때문에 가난에서 탈출하지 못하는 것이고 부자가 되지 못하고 있습니다. 이 병만 고치더라도 지금 수입의 2배는 더 버실 수 있죠.

저도 이 정신병이 있었어서 가난했고 늘 다른 사람보다 뒤처져 있었습니다. 하지만 지금은 많이 치료돼 오히려 많은 분들이 어떻게 한거냐고 묻는 위치까지 올라왔죠.

이번 영상은 저와 같은 병을 앓고 있는 분들과 함께 이 병을 헤쳐나가기 위해 만든 영상입니다. 이 병. 정신병입니다. 하지만 치료할 수 있습니다.

#가난탈출 #가난은정신병 #가난은정신병입니다",https://www.youtube.com/watch?v=ANx1UQ5UC50,2022-10-13T09:15:00Z,PT6M52S,412,False
"네이버 플레이스 광고 잘못 했다가 2억 뱉어냈습니다. (비용,입찰가,키워드,상위노출 방법을 알면 뭐해? 이걸 모르는 데) 총정리 1편","가끔은 저희 회원님들이 꼭 저한테 뭔가를 배우려는 영상만 원하는 게 아니라 소소한 이야기, 누구도 경험치 못한 이야기를 듣고 싶어할 때도 있더라고요. 그래서 오늘은 플레이스 광고 잘못 했다가 2억 뱉어낸 썰을 들려드릴까 합니다. 솔직히 이 썰로 뭐 배우실 건 없어요. 근데 진짜 제가 왜 플레이스 컨설팅 전문가가 될 수 밖에 없었는 지 어쩌다 2억을 뱉게 됐는지, 나는 저딴 식으로 살지 말아야지 같은 건 배우실 수 있을 겁니다.

다만 이 다음에 올라오는 '플레이스 총정리 2편' 영상은 그 어디에서도 들어보지 못한 내용일 겁니다. 플레이스 마케팅 효과를 300% 이상 증가시키고 싶은 분들은 이 다음 영상을 시청해 주세요.

이번 영상은 딱 3문장으로 정리할 수 있습니다.

(1) '플레이스? 그거 모자란 얘들만 하는 거야'
(2) 플레이스 어뷰징 하다 2억 뱉어냈습니다.
(3) 단 한 달 만에 702군데 업체, 지분 사업 20군데. '총 722 군데'를 전부 플레이스 1위로 만들다.

목차부터 벌써 흥미진진하죠? 바로 확인해 보시죠.

#네이버플레이스광고 #플레이스상위노출 #네이버플레이스",https://www.youtube.com/watch?v=3JAgtE1y6ew,2022-10-10T09:15:00Z,PT10M25S,625,False
"SNS로 돈버는법을 깨달으면 인생이 쉬워진다. (유튜브, 인스타그램, 블로그 등)","제가 수년 전 사업이 망하고 뭘 해야할지 모를 때 처음 접한 것이 SNS였습니다. 무자본으로 sns로 돈버는법을 시작할 수 있었고 글을 작성하거나 콘텐츠 만드는 일 같은 건 자신있어서 무작정 시작했죠. 네이버 블로그, 인스타그램, 트위터 등 정말 닥치는 대로 운영했습니다.

그런데 정말 돈은 되더라고요. 정말 먹고 살만큼의 돈은 벌 수 있었습니다. 그래서 꾸준히 했죠. 그런데 문제는 3개월에 한번씩 제가 정신적으로 망가지게 되는 일이 생기게 됩니다. 그건 바로 '저품질' 검색 결과가 노출이 안 되거나 콘텐츠를 검색 사용자들에게 안 보여지는 걸 네이버에서는 '저품질'이라고 하는데 이 저품질이라는 개념이 모든 SNS채널에 있었습니다.

제게 돈을 벌어다주는 SNS채널들이 한번 망가지게 되면 제 수익은 그냥 그대로 뚝 끊기게 되더라고요. 경제적으로 힘들었고 정신적으로는 더 힘들었죠. 그래서 저는 생각을 바꿔보기로 합니다.

'차라리 SNS를 도구로 이용해 돈을 버는 것보다 내가 SNS들을 분석해서 이들이 수익화 하는 방법을 알아내면 어떨까? 이들이 소비자를 통해 돈 버는 방식을 내 인생에 적용해보면 어떨까?' 라고요.

이렇게 약간의 생각을 달리 해서 SNS채널 그 자체를 분석하고 그들이 소비자들을 다루는 방식을 제 인생에 대입하자 많은 분들이 아시다시피 국내 TOP 온라인 마케터가 될 수 있었고 월 순이익 1억 이상을 찍게 되었고 20개 지분 사업도 성공적으로 운영하게 됐습니다.

이 방법을 이번 영상을 통해 알려드리겠습니다. 기대하셔도 좋습니다.

#sns로돈버는법 #블로그로돈버는법 #유튜브로돈버는법",https://www.youtube.com/watch?v=oR-hIzZIQZs,2022-10-05T09:15:02Z,PT11M12S,672,False
열심히 살았는데 왜 내 인생은 이따위지? 나만 인생이 그지같다면? 방향성 재정립이 필요합니다.,"열심히 살았는데 내 인생은 왜 이따위일까? 이런 생각 한번쯤은 해보셨을 겁니다. 저도 했었고 다른 사람들도 한번쯤 해본 생각입니다. 저는 솔직히 열심히 살았는데 나만 뒤처지고 있다는 생각을 하기도 했었고 이렇게 계속 살아야 하나? 라는 생각도 한 적 있습니다. 오늘 고민 또한 그런 내용이더라고요.

열심히 살았는데 인생변화가 없는 이유는 이번 영상에서 나온 이유 2가지일 확률이 90%이상입니다. 이 2가지만 깨닫더라도 여러분의 인생은 확 변할 수 있습니다.

#열심히살았는데 #열심히살았는데왜나만 #열심히사는방법",https://www.youtube.com/watch?v=Kj-Ul8LDjWQ,2022-09-22T09:15:01Z,PT8M44S,524,False
매달 로또 1등 당첨이 되는데 왜 일을 하는가? 부자들이 일을 해야 하는 이유(일의 의미),"저는 늘 궁금했습니다. 아니 돈을 많이 버는데 일을 왜 계속 하는 거지? 심지어 매달 로또 1등 당첨 금액을 버는 사람조차 계속 일을 하더라고요. 왜 일을 하는가...나는 왜 일을 하는가에 대해 많은 고민을 가지게 됐습니다.

그러다 한 사업가분을 만나게 되었고 이게 제 인생에 큰 전환점이 되었습니다. 이 이유 3가지를 알고나서 일을 해야하는 이유를 알게 되었고 재벌들이, 부자들이 왜 일을 하는지에 대해 깨닫게 되었죠. 가난한 사람들과 다른 마인드로 일을 한다는 것도 깨닫게 되었고요.

여러분도 이 일의 의미를 깨닫고 실천하시길 바랍니다. 그러면 변화한 저처럼' 행복한 일 중독자가 되실 겁니다.

#일을해야하는이유 #왜일을하는가 #일의의미",https://www.youtube.com/watch?v=lnyScJdj33w,2022-09-18T09:15:02Z,PT15M41S,941,False
하루 4시간 일하고 월 1억 5천만 원을 벌게 된 비법 (일하는 방식을 싹 바꿔드림),"저는 하루 4시간만 일하는 데도 상위 1%의 수익을 벌고 있습니다. 일을 많이 한다고 돈을 많이 버는 것이 아닙니다. 일을 효율적으로 해야 돈을 많이 법니다. 일하는 방식을 제대로 알아야만 최대 생산성을 낼 수 있고 신체리듬, 바이오리듬을 조절해 숙면을 취할 수도 있죠.

이 모든 것은 '이것' 하나로 조절할 수 있습니다. 이번 영상에서는 '이것'을 제대로 활용하는 방법과 과학적 근거까지 알려드렸으니 우리 회원님들도 적게 일하고 많이 버는 회원님들이 되길 바랍니다.

#하루4시간 #일하는방식 #최대생산성",https://www.youtube.com/watch?v=kUyJBpx6H_E,2022-09-11T09:00:20Z,PT10M29S,629,False
"유명해지는법, 이 방법만 알면 돈 쉽게 법니다. (팬미팅 2부, 브랜딩 하는법,브랜딩 기획)","누구나 유명해지고 싶습니다. 그리고 유명해지면서 돈을 많이 벌고 싶어하죠. 그런데 중요한 건 유명해지고 싶지만 그 방법을 제대로 알지 못한다는 겁니다. 왜냐? 시중에는 이런 내용이 전혀 나와있지 않거든요.

그래서 제가 유명해지는법, 즉 브랜딩 하는 법에 대해 자세히 알려드렸습니다. 장담컨대 이 방법 외에는 절대 다른 방법이 없습니다. 이 방법만 그냥 그대로 따라하시면 됩니다.

#브랜딩하는법 #유명해지는법 #돈쉽게버는법",https://www.youtube.com/watch?v=PBvEcF4ZNcY,2022-09-07T09:12:11Z,PT15M18S,918,False
"네이버 플레이스 광고에 목숨걸지 않아도 됩니다. 더 중요한 게 있습니다. (팬미팅 1부, 네이버 플레이스 편)","많은 분들이 네이버 플레이스의 효과를 깨닫고 네이버 플레이스 광고에 집착하고 있습니다. 그런데 여러분 플레이스 광고? 생각보다 중요치 않습니다. 중요한 건 이번 영상에 나온 이것들 입니다.

그리고 헛소문에 휘둘리지 않는 게 가장 중요하죠. 이번 영상만 꼼꼼하게 시청하셔도 회원님들 플레이스는 200%이상 퀄리티가 좋아질 겁니다.",https://www.youtube.com/watch?v=39Fnm6-eI3c,2022-09-02T02:00:00Z,PT7M17S,437,False
"멀쩡한 직장 때려치고 본인 강의 들으라고 하는 사람들을 혐오합니다. (퇴사 이직, 퇴사 후 스마트스토어 구매대행 하지마세요.)","저는 정말 무책임하게 퇴사하라고 하는 사람들이 싫습니다. 왜 멀쩡한 사람들 인생을 뒤집어 놓나요? 퇴사 후 나 따라서 스마트 스토어하면 월 천만원 번다? 월 500은 껌이다? 다 개구라입니다. 제발 멀쩡한 직장 그만두지 마세요.

대신 제가 돈 한푼 안 쓰는 다른 방법을 알려드릴게요. 이렇게만 하시면 퇴사 혹은 이직 혹은 창업(사업) 어떤 걸 해야할 지 명확해 지실 겁니다.",https://www.youtube.com/watch?v=tm0x-LfYG2E,2022-08-31T02:00:11Z,PT4M28S,268,False
"직장인은 물론 창업, 사업하고 싶은 분들은 꼭 보세요. 회사가 전쟁터라면 밖은 지옥입니다. (스터디카페 창업 케이스,플레이스 상위노출)","일부 사람들은 직장인도 창업을 하면 큰 돈을 벌 수 있다고 합니다. 그러면서 바로 퇴사하면서 사업을 시작하라고 하죠. 제가 확실하게 말씀드립니다. 이건 개구라입니다. 절대 돈 쉽게 벌 수 없습니다.

이번 사연에 나온 분도 힘겹게 스터디 카페 창업을 하면서 살아가고 있는 분이었습니다. 하지만 경쟁사가 많아지고 가격 경쟁이 들어가자 1200만원까지 찍혔던 매출이 500만원도 안 나오고 있죠.

그나마 지금은 네이버 플레이스 상위노출을 제가 해드렸기 때문에 나름 효과를 보곤 있긴하지만 아직 만족스러운 수입은 나오지 않고 있습니다. 절대 무인창업, 특히 스터디카페 바로 창업하지 마세요. 적어도 이 영상은 보고 창업해주세요.

#직장인창업 #직장인사업 #스터디카페창업",https://www.youtube.com/watch?v=OnpIONN38VM,2022-08-26T02:00:08Z,PT8M12S,492,False
"연봉 상승,매출 올리는법? 최소한 3배는 올려줄게^^ '대체불가 프로젝트'","저는 쉽게 연봉 상승하는 방법, 매출 올리는 방법을 알고 있습니다. 이론은 간단합니다. 내 몸값을 올리면 됩니다. 하지만 일반인 분들은 주변에 몸값을 기하급수적으로 올린 사람이 없어 물어볼 사람도 없었고 유튜브나 블로그에서조차 사례를 찾지 못하셨을 겁니다.

이제 괜찮습니다. 이번 영상을 통해 직장인이 월급을 기하급수적으로 올린 사례, 자영업하는 사업가가 매출을 기하급수적으로 높인 사례까지 알려드렸습니다. 이번 영상을 통해 여러분도 대체 불가한 사람, 대체 불가 인력이 되길 바랍니다.

#연봉상승 #매출올리는방법 #돈버는법",https://www.youtube.com/watch?v=q2yNOCL6d_4,2022-08-22T02:00:23Z,PT13M46S,826,False
"네이버 상위노출 해준다면서 3천만 원 뜯어간 미친x들...네이버 사기 까발립니다.(스마트 플레이스,파워링크)","네이버가 3천만 원 사기를 쳤다. 믿어지시나요? 저도 안 믿깁니다. 그런데 실제로 일어난 사건이고  지금도 크고 작은 네이버 상위노출 사기는 일어나고 있습니다.

단어 몇개의 말장난으로 적게는 10만 원, 많게는 몇 천만 원을 잃는 사건이 매일 일어나고 있죠. 이 충격적인 실태를 이번 영상에서 전부 알려드릴까 합니다.

#네이버상위노출 #네이버플레이스 #네이버파워링크",https://www.youtube.com/watch?v=F-FwqcOLDv8,2022-08-15T02:00:02Z,PT12M35S,755,False
네이버 카페 수익을 위한 운영 전략. 대형 카페만 5개 만들어준 아무도 모르는 방법 (양식장 전략),"드디어 똑똑한 분들이 네이버 카페를 하기 시작했습니다. 내 블로그가 저품질도 되어보고 카페가 뷰탭 상위노출이 되는 모습도 보고나니 카페에 대한 니즈가 생기신 거죠.

하지만 많은 분들이 네이버 카페 수익을 위해 카페 관리에 도전하시지만 꽤 많은 분들이 실패하고 계십니다. 왜 그럴까요? 간단합니다. 일반인들은 모르는 카페 운영 전략 비법이 있기 때문입니다. 그 운영 전략을 제가 알려드리겠습니다. 이번 영상을 통해 여러분도 네이버 카페 운영의 고수가 되시길 바랍니다.

#네이버카페수익 #네이버카페운영 #네이버카페운영방법",https://www.youtube.com/watch?v=_teuNX4j-TY,2022-08-05T01:54:34Z,PT16M42S,1002,False
재능 없는 사람은 부자 절대 못 됩니다. 재능 찾기부터 하세요.,"부자가 되고 싶다고, 돈을 벌고 싶다고 하는 사람들의 특징이 있습니다. 그건 바로 자기 자신의 재능을 객관적으로 찾지 못 했다는 겁니다. 잘하는 게 있는데 그걸 찾지도 못하고 애매한 능력으로 돈을 벌려고 한다는 특징이 있죠. 왜 여러분 모두 숨겨진 재능이 있는데 그걸 발견하지 못하고 이상한 일로 돈을 벌려고 하시나요?

장담컨대 이번 영상을 통해 여러분은 돈이 되는 재능을 찾게 될 것이고 잘하는 걸 찾게 될 겁니다. 그리고 성공하는 사람, 돈 많이 버는 사람, 월 천만 원 이상 버는 사람이 되겠죠. 제가 그렇게 만들어드리겠습니다.

#재능없는사람 #재능찾기 #재능찾는방법",https://www.youtube.com/watch?v=qUqsX9H6RjY,2022-08-01T02:00:18Z,PT10M31S,631,False
"100만 유튜버도 월 천만원씩 마이너스 나는 세상 (핏블리 치즈쇼크, JM 카페)","많은 분들이 팬만 많으면, 구독자만 많다면, 유명하다면 승승장구 할 거라 생각하고 있습니다. 근데 과연 이게 맞을까요? 며칠 전 100만 유튜버 핏블리님께서 또 폐업을 했다는 얘기를 들었습니다. 이걸 보고나서 실체를 알려야겠다는 생각이 들더라고요. 100만 유튜버는 물론 30만, 40만 유튜버까찌 월 천만원씩 적자나는 세상...대체 뭐가 문젤까요?

#100만유튜버 #월천만원 #핏블리치즈쇼크",https://www.youtube.com/watch?v=_GM4DbT41hQ,2022-07-29T02:00:12Z,PT8M42S,522,False
100억 버는법을 알고 싶은 특수부대 군인출신 마케터에게 저는 뭐라고 했을까요?,"한 분이 사연을 올려주셨습니다. 100억 버는 방법을 알고 싶다. 나는 100억을 벌고 싶다는 사연이었죠. 특수부대 군인 출신이었지만 불가피한 상황으로 제대를 했고 그 이후 여러 경험을 겪고나서 마케터가 되고 싶다는 얘기였습니다.

창업이나 사업을 해서 경제적 자유를 얻고 싶고 부자되는법을 통해 100억을 일정 기간 내에 벌고 싶다는 사연이죠.

솔직히 이번 영상에서 제가 좀 쓴소리 좀 했습니다. 너무 허망한 꿈을 꾸고 계셨거든요. 어떤 소리를 했을까요? 이번 영상에서 확인해보시죠!

#100억 #100억버는법 #경제적자유",https://www.youtube.com/watch?v=HU_uOtrVCbk,2022-07-25T02:00:07Z,PT15M33S,933,False
"목요일 공부법, 고졸따위가 경제적 자유를 얻을 수 있게 된 사기급 스킬","저는 고졸입니다. 하지만 웬만한 서울대 졸업생보다 아니 해외 유명 대학 졸업생들보다 돈을 잘 벌고 있습니다. 학창시절 뒤처졌던 지식을 성인이 되고나서 전부 따라잡았기 때문에 가능한거죠. 저만의 공부법 덕분에 가능했습니다.

이 공부법은 학생 때 사용하면 미래가 달라질 것이고 성인이 사용한다면 수입이 달라질 수 있다 자신합니다. 여러분의 인생이 뒤바뀔 수도 있는 공부법 모음입니다. 여러분을 성공시켜 드리겠습니다.

#공부법 #월천만원 #암기법",https://www.youtube.com/watch?v=e21B-1_xKqg,2022-07-21T02:00:09Z,PT9M18S,558,False
월 2천만원을 벌어도 그만 두고 싶어요...적성에 맞는 일 찾고 부자되는 법 (번아웃 극복),"사연이 들어왔습니다. 한 달만에 월 2천만원을 벌었는데 더이상 일이 손에 잡히지 않는다는 사연이었습니다. 사연을 읽어보니 적성에 맞는 일이긴 한데 복잡한 감정과 여러가지 원인이 있더라고요... 그중 하나가 번아웃이었죠.

번아웃은 어떤 사람이든, 어느 직업이든 심지어 돈이 없는 사람이든 부자든 한번 씩은 오는 증후군입니다. 이걸 어떻게 해결해나갈 수 있을까요?

그리고 이 번아웃 외에 사업적으로, 창업적으로 힘든 부분을 저는 어떻게 해결해줬을까요?

#월2천만원 #적성에맞는일 #번아웃",https://www.youtube.com/watch?v=eOUwMipWLEs,2022-07-19T02:00:09Z,PT5M46S,346,False
"부자 친구 사귀는 방법, 전 이 방법으로 재벌 친구도 뒀습니다. (PP 마인드 세팅)","우리 모두 한번 쯤 꿈 꿔보잖아요? 부자 친구 만들어서 사교 파티에 나가는 꿈. 재벌 친구 사귀고 내 인생이 재밌어지는 꿈. 저는 이제 꿈이 아니라 현실이 됐습니다. PP전략을 사용하고 인생이 바뀌었거든요.

여러분이 금수저이던 흙수저이던 상관없이 이 방법만 사용하면 틀림없이 재벌가 사람과 친구가 될 수 있습니다. 그 사람과 남친이 될 수도 있고, 여친이 될 수도 있죠. 연애를 할 수도 있고 커플도 될 수 있는 사기급 스킬입니다.

소개팅해라, 소모임 나가라, 무슨 어플해라? 이런 뻔한 말 아닙니다. 그 어디서도 듣지 못한 심리학 기반으로한 방법이니 꼭 영상 끝까지 시청해 주세요.",https://www.youtube.com/watch?v=2FRRaiLZxII,2022-07-14T09:00:01Z,PT12M16S,736,False
네이버 블로그 만드는 법 백날 배워도 이걸 모르면 당신을 수익을 내지 못 합니다. (왕초보가 꼭 알아야 할 내용),"오늘도 네이버 블로그 만드는 법, 네이버 블로그 꾸미기를 검색하는 당신. 안타깝지만 절대 그렇게 해서는 돈을 벌지 못합니다. 블로그 만들기에 중요한건 프로필도 디자인도 제목도 아닙니다. 진짜 중요한 건 따로 있습니다.

이번 영상에서는 누구나 말할 수 있는 카테고리 이거 눌러서 생성하세요, 블로그 이거 눌러서 개설하세요 등과 같은 말을 하지 않았습니다. 진짜 중요한 본질을 말씀드렸습니다. 그러니 블로그왕초보 분들도 블로그 만들기 전에 먼저 이 영상부터 시청해 주세요. 아마 신세계를 경험하실 겁니다.

#네이버블로그만드는법 #네이버블로그만들기 #블로그왕초보",https://www.youtube.com/watch?v=AmH0mq8ygmA,2022-07-12T09:00:07Z,PT14M58S,898,False
고등학생이 부업으로 학교에서 월 100만 원을 벌던 방법 (C.E.C 전략),"고등학생이 부업으로 학교에서 월 100만 원을 벌 수 있을까요? 네, 가능합니다. 제가 했거든요. 저는 자신있게 말할 수 있습니다. 이번 영상에서 알려드릴 전략만 제대로 활용하신다면 직장인이던, 주부던, 집에서 있던 월 100만원은 쉽게 벌 수 있을 거라고요!

#부업100만원 #직장인부업 #학생부업",https://www.youtube.com/watch?v=r0kCmbHpgHo,2022-07-07T09:00:33Z,PT10M14S,614,False
"유튜브 구독자 많아지는법, 인스타그램 팔로워 올리는법 동시에 가능한 사기급 노하우 (3단계 퍼트리기 전략)","유튜브 구독자 늘리기, 인스타그램 팔로워 늘리는 방법을 알고 싶으신가요? 그럼 잘 찾아오셨습니다. 저는 이 방법으로 3년간 이루지 못했던 구독자, 팔로워를 1년 만에 이뤄냈거든요. 이 방법은 100만 인플루언서에게 들은 내용인만큼 아주 확기적이고 확실한 방법입니다.

저는 이 방법으로 유튜브 구독자 10만 구독자를 눈 앞에 두고 있고 인스타 팔로워는 1만 명을 돌파했습니다.

저 같은 일반인도 인플루언서로 만들어준 3단계 퍼트리기 전략, 이제 여러분이 유명해질 차례입니다.

#유튜브구독자많아지는법 #인스타그램팔로워올리는법 #인플루언서되는법",https://www.youtube.com/watch?v=0Y4qj3qfUwY,2022-07-05T09:00:00Z,PT16M7S,967,False
"친구관계? 성공한 사람들은 이딴 친구 곁에 안 둔다. 손절해야 하는 유형 3가지 (대인관계,인간관계)","소신발언 하겠습니다. 인생에 도움 안  되는 친구들은 틀림없이 있습니다. '친구도 인맥이다' '친구관계 중요하다?' 이런 말 저는 믿지 않습니다. 괜히 친구관계, 인관관계에 신경쓰다가 여러분의 커리어가 망가질 수도 있습니다.

못 믿으시겠다고요? 이 영상을 한번 보고 말씀해주세요. 제가 대인관계에 대해 여러분을 설득 시켜보겠습니다.",https://www.youtube.com/watch?v=t9Gk6js3OGg,2022-06-30T09:00:26Z,PT9M46S,586,False
내가 월 천만 원 블로그 수익창출을 포기하고 네이버 카페로 옮긴 이유,"블로그를 통해 월 천만  원 수익창출을 했다고 하는 사람들도 결국엔 모두 네이버 카페로 옮겨지고 있습니다. 왜 그럴까요? 그건 블로그 단점이 명확하기 때문입니다.

블로그는 수익창출하기 좋은 채널이긴 하지만 단점이 너무너무 명확하거든요. 그 이유를 이번 영상에서 확인해보시길 바랍니다. 저는 정답만 말씀드립니다.

#블로그수익창출 #네이버카페 #블로그수익",https://www.youtube.com/watch?v=l1eG35mufh8,2022-06-27T00:56:21Z,PT9M39S,579,False
"게으른 습관? 내가 5초 안에 고쳐준다. 게으름, 번아웃 다 핑계야 (워밍업 업무)","우리는 왜 게으른 걸까요? 책을 읽어야 성공한다는 것도 알고, 열심히 일해야 성공한다는 것도 알아요. 뇌는 그렇게 알고 있지만, 실제로 우리가 하는 행동은 전혀 다른 행동이죠. 이 게으름을 고칠 수는 없을까요?

이 게으른 슴관을 100% 극복하는 방법을 저는 알고 있습니다. 번아웃이 오신 분들, 무기력하신 분들까지도 효과가 있는 방법이죠. 모두들 이 방법을 통해 부지런한 사람, 성공의 습관을 가지는 사람이 되셨으면 좋겠습니다!

#게으른습관 #게으름극복방법 #게으름",https://www.youtube.com/watch?v=0F2xb_uWh4s,2022-06-23T09:00:00Z,PT9M,540,False
"온라인 건물주를 통해 최소 월 1,100만 원 버는 법 (네이버 카페 수익, 네이버 카페 돈 버는 법)","여러분도 온라인 건물주를 통해 최소 월 1,000만 원은 버실 수 있습니다. 거짓말 같다고요? 이 영상을 보시면 절대 그런 말씀 안하실 겁니다. 저는 다른 어중이떠중이 강사들과 다른 실제 온라인 건물주기에, 자신있게 말씀드릴 수 있습니다.

네이버 블로그? 티스토리 블로그? 디지털 노마드? 전부 진정한 온라인 건물주가 아닙니다. 진짜 온라인 건물주는 네이버 카페입니다. 그 이유 또한 이번 영상에서 알려드렸으니 꼭 끝까지 시청하시어 온라인 건물주, 갑부, 부자가 되시길 바랍니다.

#온라인건물주 #네이버카페 #월천만원",https://www.youtube.com/watch?v=0gYiTrMLIKw,2022-06-20T03:41:18Z,PT10M11S,611,False
"노력하는 법, 최선을 다해서 일을 해도 당신이 성공하지 못하는 이유","여러분이 지금 노력하고 있는 거, 솔직히 도움 안 될 확률이 높습니다. 아니 도움 안될 겁니다. 생각해보세요. 도움이 되는 노력이었다면 결과가 있어야 하는 데 지금 없잖아요. 잘못된 노력이라는 겁니다.

이건 바로 여러분이 제대로 노력하는 법을 모르기 때문에 그렇습니다. 이번 영상에서 제가 전부 알려드리겠습니다. 진짜 노력은 어떻게 해야하는 지, 그 노력을 통해 어떻게 변화할 수 있는 지 전부요.

#노력 #노력하는법 #자기계발",https://www.youtube.com/watch?v=XIEOPt0TgoY,2022-06-16T09:00:24Z,PT6M49S,409,False
"워라밸을 꿈꾸는 당신, 그냥 그대로 살아주세요. 그래야 제가 부자됩니다.","워라밸은 허상입니다. 제가 장담할 수 있습니다. 워라밸 좋은 직업이다. 워라밸 좋은 회사다. 라고 콘텐츠를 짜는 사람들이 있는데 이건 여러분들을 환상 속에 가두기 위한 말일 뿐입니다. 진정한 워라벨은 우리 같은 일반인은 솔직히 실천할 수 없습니다.

성장을 위해, 성공을 위해 그리고 미래의 진짜 워라밸을 위해서는 시크릿 2단계를 거쳐야만 가능합니다. 이 영상 끝까지 보시고 꼭 여러분도 미래에 워라밸을 실천하는, 진짜 성공한 사람이 되셨으면 합니다.

#워라밸 #워라벨 #워라벨직업",https://www.youtube.com/watch?v=qk5q-rd1nDk,2022-06-13T09:00:18Z,PT8M13S,493,False
'쟤 돈 쉽게 버네?' 가난한 사람들이 자주 하는 생각,"돈 쉽게 버는 사람을 증오하세요? BJ나 유튜버들 돈을 쉽게 벌고 있는 거 같으세요? 장담컨대 그런 생각을 수시로 하고 있다면 당신은 가난할 겁니다. 어? 화 내지 마세요. 이 영상을 보시면 제가 왜 이렇게 확실하게 말할 수 있는 지 알 수 있을 겁니다.

가난한 사람과 부자인 사람의 가장 큰 차이는 마인드 문제입니다. 그 문제에 대해 오늘 영상에서 자세히 다뤘으니 꼭 한번 끝까지 시청해 주세요.",https://www.youtube.com/watch?v=vraOp7oAM6M,2022-06-10T09:00:28Z,PT9M13S,553,False
진짜 유튜브로 돈 벌 수 있을 거 같아? (8만 유튜브 수익 공개),"유튜브로 부자 될 수 있데요? 그 사람은 얼마 번데요? 과연 진짜 유튜브로 그만큼 돈을 벌 수 있을까요?

유튜브 강사, 컨설턴트들은 유튜브 수익이 어마무시하다고 그걸로 부자가 될 수 있을 것처럼 말합니다. 과연 그게 사실일까요? 8만 유튜버의 수익을 바로 공개하겠습니다!

그리고 이 유튜브 수익말고도 다른 수익 공개도 하고 있고 유튜브를 시작해야하는 이유 또한 말씀드리고 있으니 영상 꼭! 끝까지 시청해주세요.


#유튜브수익 #유튜브로돈벌기 #유튜버수익",https://www.youtube.com/watch?v=Ovs9P9B3UAo,2022-06-08T09:00:19Z,PT8M21S,501,False
전교 1등한테조차 맞고 다닌 집단 따돌림 피해자의 인생역전 스토리 (﻿12가지 인생의 법칙),"일진한테 맞은 사람은 많습니다. 하지만 전교 1등하네 처맞는 사람이 있었을까요? 네, 그게 바로 저였습니다. 저는 왕따였고 학폭 피해자였으며 따돌림까지 당한 아주 불쌍한 아이였죠.

하지만 저는 지금 이렇게 당당하게 영상을 찍고 사업을 하고 있으며 그 얘들 연봉을 합쳐도 제 3개월 수입이 안될 정도로 성장했습니다. 그 방법을 여러분께 알려드리겠습니다.",https://www.youtube.com/watch?v=WbYwB9Hze-s,2022-06-06T09:00:13Z,PT9M20S,560,False
네이버 플레이스 광고 강의 X같이 하는 '이 강사'를 공개 저격합니다.,"진짜 돌아버리겠습니다. 한 인간이 플레이스 컨설팅을 이상하게 하고 다닙니다. 그리고 제게 플레이스 컨설팅 받는 분들 중 피해를 봤다 하는 분들 100%가 그분께 1차적으로 코칭을 받았고 피해를 봤다고 합니다. 그래서 진심으로 공개 저격합니다.

그렇게 네이버 스마트 플레이스 하는 거 아닙니다. 이 분이 말하는 건 한 개인의 경험입니다. 이 개인의 경험을 다수의 경험처럼 코칭하고 계시고 100명 중 1명이 우연찮게 상위노출이 되면 그게 사례라며 또 영상을 올리고 계시더라고요.

다 필요 없고, 공개 저격하겠습니다. 여러분 네이버 플레이스 광고 상위노출 그렇게 하면 안 됩니다.

#플레이스상위노출 #플레이스컨설팅 #네이버플레이스광고",https://www.youtube.com/watch?v=JQPKbGQIRgo,2022-06-03T09:00:08Z,PT12M47S,767,False
"켈리 최, 김승호, 신사임당, 존 리 함부로 따라 하면 인생 망합니다.","켈리 최, 김승호, 신사임당, 존 리 함부로 따라 하면 장담컨대 금방 망합니다. 이 분들이 알려주는 걸 곧이곧대로 받아들이시면 진짜 절대 안됩니다. 저도 곧이곧대로 받아들이다가 3천만 원을 공중분해 시켰었고 간신히 복구했었거든요.

이 영상을 보시면 아마 이제 이분들 영상을 걸러서 듣지 않을까 싶습니다. 그만큼 누구도 알려주지 않던 사기급 비밀이거든요

#켈리최 #신사임당 #존리",https://www.youtube.com/watch?v=5a-xyV93AqE,2022-05-27T09:00:04Z,PT8M,480,False
"블로그 돈버는법 따위 없어요. 블로그로 직장인 투잡, 부업 하라고 하는 사람들 다 망했으면...","블로그로 돈버는 방법? 블로그로 돈 버는 법? 직장인 투잡으로 월 천만원 벌 수 있다? 직장인 부업으로 월 200만원 벌 수 있다? 여러분 죄송하지만 이건 전부 환상입니다. 현실적으로 거의 불가능한 얘기입니다.

제가 이번 영상에서 네이버 블로그로 돈 벌기가 왜 어려운지, 현실적인 건 어떤 건지 전부 알려드리겠습니다.",https://www.youtube.com/watch?v=blmPLL6ITDU,2022-05-25T09:00:30Z,PT8M39S,519,False
"원하는 것을 쉽게 얻는 법 l 설득, 협상, 연애, 면접 (설득의 심리학)","원하는 것을 얻는 법. 그것도 말 몇 마디에 내가 원하는 것을 다 가지는 삶. 부럽지 않으세요? 제가 이번 영상으로 그렇게 만들어드리겠습니다.

돈, 이성, 잠자리, 성공, 명예 등등 설득이 들어가야 하는 과정이라면 이 영상을 통해 모든 것을 이루실 수 있을 겁니다. 이 처세술만 잘 배우셔도 여러분의 성공률은 300% 이상 높아집니다.

#원하는것을얻는법 #설득 #협상",https://www.youtube.com/watch?v=4dbn9XbM8FM,2022-05-23T09:00:01Z,PT8M57S,537,False
"대통령, 대기업 총수처럼 당당하고 눈치 안보며 사는 방법","누구나 눈치 안보면서 당당하게 살고 싶을 겁니다. 연애를 할 때, 비즈니스를 할때, 영업을 할 할 때 등등 어느 상황에서나 당당하고 어깨 피면서 살고 싶겠죠. 하지만 대부분의 분들이 상사나 애인의 눈치를 보며 살아갑니다. 왜그럴까요?

이번 영상을 보시면 그런 고민 싹~~ 날라가실 겁니다. 이 영상만 보시더라도 대통령처럼, 대기업 총수처럼 당당하게 살아가실 수 있거든요.

#당당하게살기 #눈치안보며사는방법 #눈치안보는법",https://www.youtube.com/watch?v=b1XFs3oRexc,2022-05-20T09:00:17Z,PT10M12S,612,False
앞으로 네이버에 이런 키워드 작성하면 최적화/씨랭크 블로그 안된다!,"혹시 이런 키워드 쓰면 이제 네이버가 상위노출, 상단노출 안시켜주는 거 알고 계셨나요? 이걸 아직도 모르고 쓰고 계신 분들이 많더라고요.

네이버 상위 등록을 위해서는 이제 이런 키워드 절대 쓰시면 안됩니다. 그 키워드 종류와 함께 왜 쓰면 안되는 지까지 전~부 알려드릴게요!

블로그 마케팅, 블로그 광고를 위해 필수로 알아야 하는 필수 지식! 이 영상에서 배워보시죠!",https://www.youtube.com/watch?v=0VZlQCcqPLA,2022-05-18T09:00:00Z,PT8M40S,520,False
"하고 싶은 일을 찾는 법? 적성, 진로 다 집어치우라 해 (다크호스)","하고 싶은 일을 찾는 법을 모르겠어요. 제 적성이나 진로를 어떻게 찾아야 할 지 모르겠어요. 꿈이 없어요, 꿈이 없을 때 어떻게 해야 하나요? 돈을 많이 벌고 싶어요. 돈 많이 버는 직업이 뭐가 있을까요?

이 질문들은 놀랍게도 제가 제일 많이 받는 질문 중 하나 입니다. 이 질문들에 대한 답? 이 영상 한편에 전부 녹여 놨습니다.

여러분이 지금 직업, 진로, 적성, 꿈, 하고 싶은 일 그 어떤 걸 고민하고 있더라도 이 영상 하나로 고민이 끝나게 될 겁니다.",https://www.youtube.com/watch?v=YfVIty72bLw,2022-05-16T09:00:12Z,PT10M29S,629,False
"가난한 습관을 가지고 있던 나를 변화시켜준 습관법, '공간 인식 습관법'","저는 가난한 사람들과 부자인 사람들의 차이점을 알고 싶었습니다. 그래서 강의, 강연, 유튜브 영상, 책 모든 것을 파헤쳤죠. 그런데 특이하게 놀거 다 노는 거 같은 사람도 성공하더라고요.

'아, 꼭 열심히 일하는 것만이 성공의 지름길이 아니구나'라는 것을 깨닫고 습관에 대해 파헤쳐 봤습니다. 습관형성, 좋은 습관들이기, 습관 만들기 등등 모든 지식을 습득한 수 누구나 습득할 수 있는 '공간 인식 습관법'을 만들었습니다.

기억 근육을 이용하지 않아도, 그냥 단순 2번의 반복만으로도 여러분은 좋은 습관을 내일부터 당장 가질 수 있습니다. 이 공간인식 습관법이 뭔지 한번 같이 알아보시죠!",https://www.youtube.com/watch?v=_YvHA8bFUI8,2022-05-13T09:00:13Z,PT8M51S,531,False
"쿠팡 파트너스 강의하는 강사마저 저품질 블로그 걸리는 웃긴 상황 (네이버 외부 링크, CPC, CPS)","여러분 장담컨데 쿠팡 파트너스로 돈 못 법니다. 잠깐은 벌 수 있겠죠. 하지만 내 업으로 삼을 만큼 긴 기간 수익은 절대 나오지 않습니다.

이번 영상을 보시면 아시겠지만 쿠팡 파트너스로 돈버는 방법을 알려준다고 하는 강사조차 저품질 블로그를 맞았고, 그 저품질 블로그와 과거의 수익 자료로 아직까지도 강의를 하고 있습니다.

여러분, 이제 현실에서 깨어날 때 입니다.",https://www.youtube.com/watch?v=4XhpKkYxL4M,2022-05-11T09:00:04Z,PT8M49S,529,False
"가난을 당신 대에서 끊어야 하는 이유 (서울대 심리학과 교수가 밝힌 비밀, 책 프레임)","가난한 사람들, 부자인 사람들 그리고 돈을 많이 버는 사람들까지 모두 그들만의 특징이 있습니다. 그중 오늘 알려드릴 내용은 가난한 사람도 최소한 월 200만원을 벌게 해줄 꿀팁이고, 평균 소득을 버는 사람은 월 천만원까지도 벌 수 있게 해주는 꿀팁입니다.

자기개발, 자기계발보다 더 중요한 오늘의 핵심 키워드 '프레임'! 여러분도 이 영상 꼼꼼히 읽어보시고 한 단계 더 성장하셨으면 좋겠습니다.

#자기개발 #자기계발 #프레임",https://www.youtube.com/watch?v=rWd7CHtH4u4,2022-05-09T02:00:08Z,PT9M24S,564,False
뭘 해도 성공하는 사람들은 생각보다 게으르다.,"왜 주변에 그런 사람들 있자나요. 뭘 해도 성공하고 뭘해도 잘되는 사람...아니 나는 더 노력하는 거 같은데 억울하지 않으세요?

안타깝지만 성공한 부자들, 말 그대로 뭘 해도 잘되는 분들에게는 숨겨진 비밀이 있습니다. 독서를 많이 한다. 잠을 덜 잔다. 이런 뻔한 얘기가 아닌 진짜 어디에도 나와있지 않은 비결입니다.

그 비결을 이번 영상을 통해 배우시고 회원님들도 뭘해도 성공하는 사람이 되셨으면 합니다.

#뭘해도성공하는사람 #뭘해도잘되는사람 #부자",https://www.youtube.com/watch?v=soKGHW9opPk,2022-05-06T02:00:08Z,PT11M17S,677,False
당신의 블로그만 상위노출이 안되는 이유 5가지,"네이버 블로그 상위노출이 안되는 이유는 블로그 탓, 키워드 탓만이 아닙니다. 블로그 지수가 낮아서가 아닌 이번 영상에서 알려드릴 문제 때문에 상단노출이 안되고 있는 걸 수도 있습니다.

그 어떤 블로그 강사도 알려주지 않았던 진실. 제가 말씀드리겠습니다.",https://www.youtube.com/watch?v=e3xfgu3TXnc,2022-05-04T02:00:10Z,PT7M46S,466,False
열심히 살지 않아도 마세라티 3대 탈 수 있습니다. (최소 노력의 법칙),"왜 우리는 열심히 살아야만 돈을 많이 벌고 성공할 수 있다고 믿는 걸까요? 절대 그럴 필요가 없는 데 말이죠. 장담컨대 열심히 살지 않아도, 이번 영상에 나온 대로만 사셔도 마세라티 3대 이상 탈 수 있습니다.

성공이 멀리 있다, 내 몸을 혹사 시켜야만 얻을 수 있다고 생각하지 말아주세요. 성공은, 부자는, 돈 많이 버는 것은 그리 어렵지 않습니다.

#동기부여 #부자되는법 #최소노력의법칙",https://www.youtube.com/watch?v=lzjD7sKUpKA,2022-05-02T02:00:16Z,PT8M44S,524,False
"절대 돈 안 잃는 재테크 3가지, 부자들은 꼭 하는 투자방법","지금 우리가 알고 있는 유명인들, 부자들은 전부 이 재테크 방법을 꼭 해왔습니다. 하지만 이 부자들은 이 유명한 재테크 방법을 알리고 있지 않죠. 왜냐? 이 방법이 알려지면 알려질 수록 자신들의 위치가 불안정해지거든요.

그래서 제가 진짜 제대로 된 재테크, 투자 방법을 알려드리겠습니다. 성공하고 싶다면, 부자가 되고 싶다면 이 투자를 꼭 하셔야 합니다.

#재테크 #투자 #원금보장재테크",https://www.youtube.com/watch?v=hZQs2_Gn5Io,2022-04-29T02:00:07Z,PT8M17S,497,False
"블로그 부업 21가지 해보고 느낀 점 (댓글 알바, 블로그 포스팅 알바 등등)","네이버에 '마케팅웨이 최준호'를 검색하시면 최준호에 대한 홈페이지, 블로그, 인스타 등 모든 채널을 보실 수 있습니다.

블로그 부업을 하면 과연 돈을 벌 수 있을까요? 블로그 부업보다 더 나은 일은 없을까요? 블로그 부업하면 저품질 블로그가 될까요?

이런 질문들에 대한 해답을 이번 영상에 담아냈습니다! 꼭 시청하시어 피해받지 않는, 우리 회원님들이 되시길 바랍니다.

#블로그부업 #블로그포스팅알바 #블로그마케팅부업",https://www.youtube.com/watch?v=AVTs2ojuP_k,2022-04-27T02:00:02Z,PT9M30S,570,False
여러분은 제 덕에 1주일 안에 1억을 벌게 되셨네요. 효율적인 선택하는 방법 (넛지),"네이버에 '마케팅웨이 최준호'를 검색하시면 최준호에 대한 홈페이지, 블로그, 인스타 등 모든 채널을 보실 수 있습니다.

저는 이 비밀을 1억을 잃고 배웠습니다. 지금은 이 비밀을 적극 활용해서 제 삶을 변화 시키고 있죠. 여러분도 할 수 있습니다. 저도 했는데 여러분이 못할까요?

인생은 결국 선택의 연속이라고 합니다. 이 선택을 합리적이게 할 수 있는 사고력을 기르는 방법. 제가 알려드리겠습니다!

#넛지 #경영 #재테크",https://www.youtube.com/watch?v=DPIDCLZ1q3w,2022-04-25T02:00:02Z,PT8M21S,501,False
"최적화 블로그가 아니어도 상위노출이 가능하다고? (다이아 로직, 알고리즘)","아직도 최적화 블로그가 되어야만 상위노출이 가능하다고 알고 계신가요? 아직도 씨랭크 블로그가 되어야만 상단노출이 가능하다고 믿으시나요? 이 영상을 보시면 틀림없이 생각을 바꾸시게 될 겁니다.

여러분이 몰랐던 블로그 마케팅의 핵심! 그 어떤 블로그 강의에서도 듣지 못했던 정보를 제가 지금 알려드리겠습니다. 당장 내일부터 여러분도 상위노출 가능합니다.

#최적화블로그 #블로그상위노출 #블로그강의",https://www.youtube.com/watch?v=PxV6ENXYA6Q,2022-04-20T01:57:32Z,PT9M18S,558,False
"나보다 똑똑한 사람은 월 200만원 벌고, 멍청한 나는 월 1억을 버는 비결 (에센셜리즘)","아시다시피 저보다 똑똑한 사람들은 세상에 널렸습니다. 그런데 대부분 그들은 본인 수입에 만족하지 못하고 있죠. 똑똑한데도 불구하고 월 200만원을 벌고 있는 분들도 세상엔 많습니다.

왜 똑똑한 분들은 월 200~300만원을 벌고 멍청한 저는 월 1억을 벌고 있는 걸까요? 그 이유는 딱 하나입니다. 바로 이 영상에서 말씀드릴 에센셜리즘 때문이죠.

#에센셜리즘 #월200 #월천만원",https://www.youtube.com/watch?v=TJpS_vHNiAw,2022-04-18T02:00:05Z,PT7M13S,433,False
고졸 출신이 서울대 출신보다 돈을 더 잘 버는 이유,"네이버에 '마케팅웨이 최준호'를 검색하시면 최준호에 대한 홈페이지, 블로그, 인스타 등 모든 채널을 보실 수 있습니다.

저는 고졸입니다. 그렇다고 공부를 잘했느냐? 그것도 아닙니다. 하지만 지금은 웬만한 서울대 출신보다 돈을 잘 벌고 있습니다.

어떻게 고졸 출신인 핫바지가 서울대 출신보다 돈을 더 잘 벌게 된걸까요? 돈버는 거 어렵지 않습니다. 이 영상에 나온 대로만 해주세요!",https://www.youtube.com/watch?v=cV1L7aEElyQ,2022-04-07T02:00:06Z,PT8M18S,498,False
"가난에서 탈출할 수 있는 유일한 방법 (부자되는 방법, 부자 마인드)","네이버에 '마케팅웨이 최준호'를 검색하시면 최준호에 대한 홈페이지, 블로그, 인스타 등 모든 채널을 보실 수 있습니다.

저는 무척이나 가난했습니다. 정말 똥물이 흘러 넘치는 곳에서 수년간 생활했고, 빗물이 새는 곳에서 수년간 생활했죠.

그래서 저는 분석했습니다. 어떻게 성공할 수 있을까? 위기 속에서도 성공한 사람들의 비법은 무엇일까?

드디어 해답을 찾았고, 이번 영상에서 알려드렸습니다. 우리 회원님들은 저처럼 이 방법을 알아보기 위해 수년간 고민하지 않으셔도 됩니다. 제가 알려드렸습니다.",https://www.youtube.com/watch?v=zUllsx-QyX0,2022-04-04T02:00:10Z,PT14M8S,848,False
"1일 1포스팅, 1일 2포스팅? 매일 쓰기만 하니 블로그 최적화가 안되지...","아직도 네이버 최적화 블로그, 씨랭크 블로그를 만들기 위해서는 1일 1포스팅, 2일 2포스팅이 필수라고 생각하시나요? 매일 글을 작성하는 게 필수라고 생각하시나요?

이 영상을 보시면 아예 생각이 달라지실 겁니다. 매일 포스팅하는 것이 정답이 아닙니다.

#최적화블로그 #씨랭크블로그 #1일1포스팅",https://www.youtube.com/watch?v=fMpOpHb1dj4,2022-03-30T02:00:16Z,PT13M,780,False
당신은 월 천만원 벌 그릇인가요? (그릇이론),"네이버에 '마케팅웨이 최준호'를 검색하시면 최준호에 대한 홈페이지, 블로그, 인스타 등 모든 채널을 보실 수 있습니다.

월 천만원을 벌지 못하는 사람들은 특징이 있습니다. 그건 바로 자신의 그릇을 모른다는 거죠. 자신의 그릇 크기만 안다면 여러분도 틀림없이 부자가 될 수 있습니다. 여러분의 그릇 크기를 아는 방법, 이 영상에서 전부 오픈하겠습니다.",https://www.youtube.com/watch?v=PtDvsH6PjR0,2022-03-22T02:00:03Z,PT9M44S,584,False
네이버 지도 상위노출이 전부라고 생각해? 아니야. 진짜는 따로 있어,"네이버에 '마케팅웨이 최준호'를 검색하시면 최준호에 대한 홈페이지, 블로그, 인스타 등 모든 채널을 보실 수 있습니다.

네이버 플레이스, 네이버 지도...상위노출이 전부라고 생각하시나요? 전혀 아닙니다. 저는 1위가 아니였을 때도 일 매출 100만원을 그냥 넘겼습니다. 단 하나, 기획을 통해서 말이죠.

그 방법을 이 영상에서 오픈하겠습니다. 여러분들도 이 경험 꼭 느껴보셨으면 합니다.

#네이버플레이스상위노출 #네이버지도상위노출 #네이버플레이스상위로직",https://www.youtube.com/watch?v=PoaUYN1iRps,2022-03-14T02:00:04Z,PT12M6S,726,False
내가 한 달에 한 번 명품에 천만 원을 쓰는 이유,"네이버에 '마케팅웨이 최준호'를 검색하시면 최준호에 대한 홈페이지, 블로그, 인스타 등 모든 채널을 보실 수 있습니다.

저는 한 달에 한번씩 #명품 을 #천만원 씩 사고 있습니다. 이 영상을 올리면 틀림없이 부정적인 댓글이 달릴 거 알고 있습니다. 하지만 저는 이 영상을 꼭 올리고 싶었습니다. 이 영상을 통해 모두들 깨닫는 게 있으셨으면 합니다.",https://www.youtube.com/watch?v=LDYIcxVa9FM,2022-02-28T04:31:53Z,PT4M16S,256,False
미라클 모닝 챌린지/아침 5시 기상 백날해봐라...삶이 바뀌나 (이제는 미라클 웨이크업 시대다!),"네이버에 '마케팅웨이 최준호'를 검색하시면 최준호에 대한 홈페이지, 블로그, 인스타 등 모든 채널을 보실 수 있습니다.

요즘 #미라클모닝 #새벽5시기상 #아침5시기상 이 뜨고 있습니다. 하지만 저는 이게 너무 하기 싫었습니다. 몸이 망가지는 게 느껴졌거든요. 그래서 미라클 모닝을 하지 않아도, 새벽5시에 일어나지 않아도 그와 똑같은 능률 올리는 방법을 찾아냈습니다.

여러분도 이 영상 보시고 능률이 오르는, 효율적인 사람이 되시길 바랍니다.",https://www.youtube.com/watch?v=Gj53W52i-tA,2022-02-14T01:00:04Z,PT11M31S,691,False
사회부적응자(히키코모리)가 세상에서 살아남은 스토리,"네이버에 '마케팅웨이 최준호'를 검색하시면 최준호에 대한 홈페이지, 블로그, 인스타 등 모든 채널을 보실 수 있습니다.

저는 심각한 사회부적응자였죠. 히키코모리였습니다. 하지만 이번 영상에서 알려드릴 3문장을 제 삶에 적용하자 제 삶이 바뀌었습니다. 남부럽지않게 돈을 벌고 있고, 남부럽지 않게 돈도 쓰고 있습니다. 이 영상을 보고 여러분도 바뀌었으면 좋겠습니다.

#사회부적응자 #히키코모리 #자기계발",https://www.youtube.com/watch?v=kC81VfYv5uM,2022-01-25T02:00:09Z,PT7M32S,452,False
"돈이 좋다고, 부자가 되고 싶다고 왜 자신 있게 말을 못 해? (확증편향 활용법)","네이버에 '마케팅웨이 최준호'를 검색하시면 최준호에 대한 홈페이지, 블로그, 인스타 등 모든 채널을 보실 수 있습니다.

돈돈돈 거리지 말라고 합니다. 돈을 좇지 말고 쫓아오게 만들라고 합니다. 하지만 제 생각은 다릅니다. 부자가 되고 싶다면, 돈을 많이 벌고 싶다면 진심으로 돈돈돈 거리라고 합니다. 그 이유를 이번 영상에서 확인해보시죠!

#돈 #머니 #부자",https://www.youtube.com/watch?v=UFxLdweFGgc,2022-01-10T01:41:24Z,PT8M22S,502,False
꿈이 있어야 성공한다고 생각하는 분은 클릭하지 마세요.,"네이버에 '마케팅웨이 최준호'를 검색하시면 최준호에 대한 홈페이지, 블로그, 인스타 등 모든 채널을 보실 수 있습니다.

꿈을 꿔라, 꿈이 있어야 성공한다. 이런 얘기 한번 쯤 들어보셨죠? 하지만 저는 이 얘기가 공감할 수가 없더라구요. 꿈을 꾸는 것보다 훨씬 중요한 게 있습니다. 그걸 이 영상을 통해 확인해보세요

#꿈 #장래희망 #성공",https://www.youtube.com/watch?v=xoRctJ_KtIk,2021-12-25T15:05:11Z,PT9M46S,586,False
"12억 말아먹어본 사람이 말씀드립니다. ""좋아하는 일로 돈 벌지 마세요""","네이버에 '마케팅웨이 최준호'를 검색하시면 최준호에 대한 홈페이지, 블로그, 인스타 등 모든 채널을 보실 수 있습니다.

좋아하는 일로 돈 벌기, 누구나 꿈꾸는 일이죠. 하지만 저는 이런 일로 12억을 잃어봤기 때문에 권장드리지 않고 있습니다. 그렇다고 무작정 하지 말라고 하느냐? 그건 또 아니죠. 이번 영상에서 논리적인 이유와 함께 설명드렸으니 이번 영상에서 확인해보시죠!

#좋아하는일 #취미 #좋아하는취미",https://www.youtube.com/watch?v=wCsHwi7hb2o,2021-12-12T02:41:57Z,PT11M1S,661,False
"네이버가 가장 섭외하고 싶은 강사, 결국 또 검색 알고리즘/ 로직 예측 적중! (AI 통합검색까지 적중!)","네이버에 '마케팅웨이 최준호'를 검색하시면 최준호에 대한 홈페이지, 블로그, 인스타 등 모든 채널을 보실 수 있습니다.

네이버 알고리즘/로직이 또 추가가 됩니다. 하지만 제 유튜브를 보셨던 분들은 이미 준비되어 있으시죠. 아직 네이버의 변화를 모르시는 분들, 네이버 변화에 어떻게 대응할 지 모르는 분들을 위해 이번 영상 준비했습니다. 이번 영상 시청하시고 신세계를 경험해보세요.

#네이버마케팅 #네이버알고리즘 #네이버로직",https://www.youtube.com/watch?v=puXXyu7HUrc,2021-11-23T03:39:52Z,PT21M8S,1268,False
그 놈의 디지털 노마드 타령 그만 좀 해라,"네이버에 '마케팅웨이 최준호'를 검색하시면 최준호에 대한 홈페이지, 블로그, 인스타 등 모든 채널을 보실 수 있습니다.

이 놈의 디지털 노마드 타령은 언제쯤 끝날까요? 사기 당한 분들이 사라졌다고 언제쯤 얘기가 들릴까요? 정말 디지털 노마드 얘기가 나올 때마다 답답해 죽겠습니다.

이런 마음을 담아 이번 영상 촬영했습니다. 제가 왜 디지털 노마드를 강의하는 사람들을 다 꺼지라 하는 지 이번 영상에서 확인해보시죠!

#디지털노마드 #디지털노마드부업 #디지털노마드현실",https://www.youtube.com/watch?v=rWKKheFBpzE,2021-11-14T03:16:12Z,PT10M49S,649,False
"네이버 스마트 플레이스 상위노출, 2주 안에 지도 1위! 가능합니다.","네이버에 '마케팅웨이 최준호'를 검색하시면 최준호에 대한 홈페이지, 블로그, 인스타 등 모든 채널을 보실 수 있습니다.

네이버 플레이스 상위노출 다들 어렵다고 하시죠? 근데 저는 이 네이버 지도 상위노출을 2주 안에 완성시켰습니다. 그것도 돈 한푼 안들이고 말이죠. 이 영상만 보신다면 여러분도 충분히 가능합니다. 안타깝게도 아직도 플레이스 상위노출 어뷰징을 하고 있다면, 이 영상부터 보시고 더 할지말지 고민하셔도 늦지 않습니다. 상위로직 저와 함께라면 쉽게 배울 수 있습니다.

#네이버플레이스 #플레이스상위노출 #플레이스상위등록",https://www.youtube.com/watch?v=C98TKke_tmM,2021-10-18T03:50:37Z,PT11M39S,699,False
"60만 유튜버보다 3만 하꼬 유튜버가 더 장사가 잘 되는 이유 [기둥 세우기 2편, 심화편]","네이버에 '마케팅웨이 최준호'를 검색하시면 최준호에 대한 홈페이지, 블로그, 인스타 등 모든 채널을 보실 수 있습니다.

많은 소상공인 분들이 주변에 대기업이나 대형 유튜버가 진입하면 한숨부터 쉬십니다. '아...매출 떨어지겠네...' 하지만 이제 그런 걱정 안하셔도 됩니다. 그 어떠한 사람이 내 근처에 창업을 하더라도 돈을 벌 수 밖에 없는 방법을 알려드렸거든요.

#돈버는방법 #포지셔닝 #바늘기둥",https://www.youtube.com/watch?v=aY0_vHWMRqU,2021-10-14T00:15:19Z,PT11M54S,714,False
"월급 46,000원이던 흙수저 인생에서, 월 2억원을 벌게 해준 하나의 이론 [기둥 세우기 이론] 1편","네이버에 '마케팅웨이 최준호'를 검색하시면 최준호에 대한 홈페이지, 블로그, 인스타 등 모든 채널을 보실 수 있습니다.

저는 월 46,000원을 받을만큼 엄청난 흙수저였습니다. 그런데 지금은 만족스러운 수입을 벌고 있죠. 어떻게 한걸까요? 이 이론만 안다면 월 천만원, 월 1억 전혀 어렵지 않습니다. 여러분도 하실 수 있게 제가 이번 영상에서 쉽게 풀어냈습니다.

#흙수저 #경제적자유 #기둥이론",https://www.youtube.com/watch?v=L7CIFM2fBjI,2021-10-08T09:30:31Z,PT10M56S,656,False
"고졸인 내가 경제적 자유를 얻을 수 있게 된 문장 2가지 [1등 포기하기, 1등 따라하기]","네이버에 '마케팅웨이 최준호'를 검색하시면 최준호에 대한 홈페이지, 블로그, 인스타 등 모든 채널을 보실 수 있습니다.

경제적 자유의 핵심은 무엇일까요? 왜 우리는 돈을 벌지 못하고 있는 걸까요? 돈 버는 법을 아는 사람들, 즉 돈을 잘 버는 사람들은 엄청난 비밀을 가지고 있습니다. 이번 영상에서 알려드릴 내용만 아신다면 여러분도 #경제적자유 얻으실 수 있습니다

#돈버는법 #월천만원",https://www.youtube.com/watch?v=e4EaandoZGY,2021-10-02T06:30:10Z,PT10M9S,609,False
